comment_id,create_time,ip_location,aweme_id,content,user_id,sec_uid,short_user_id,user_unique_id,user_signature,nickname,avatar,sub_comment_count,like_count,last_modify_ts,parent_comment_id,pictures,source_platform,create_date_time,note_id,comment_like_count,gender,profile_url,cluster_label,processed_content.1
7.59E+18,1766613567,江苏,7.59E+18,38减18早就没有了 一两个月前就没有了 现在只有20减5减4这种小券 还有58减10块 因为商战结束了 XX现在我都不点 我都去XX或者XX,99352942815,MS4wLjABAAAAfG8FqihD3JsI0LyA8x_fClOsQ1_1yUE7JUT7IQbE1HU,994824197,Aishi_50,,猫飼,https://p3-pc.douyinpic.com/aweme/100x100/aweme-avatar/tos-cn-i-0813_o8BXxTQAEfAXMQwABa7h8J8zAFMeBEAgeAqQcO.jpeg?from=2064092626,29,221,1.76683E+12,0,,抖音,,,,,,价格优惠,早就 一两个 现在 这种 小券 还有 因为 商战 结束 现在 不点 或者
7.55E+18,1758256102,福建,7.33E+18,XX真的是无语了，真的给饿了，两小时了餐不知道在哪里，显示已送达，问平台然后让你等？不要问我XX，真的很饿,59861147582,MS4wLjABAAAA_52brt3EWDHMRLPMZlcXLetKCzn4VBfMqe-JFcI9b_Q,12658632,MR181818AAA,,彭于文晏18,https://p3-pc.douyinpic.com/aweme/100x100/aweme-avatar/tos-cn-avt-0015_d749d13ded1381f7e4383961b52d05ca.jpeg?from=2064092626,0,0,1.76683E+12,0,,抖音,,,,,,配送时效,真的 无语 真的 知道 哪里 显示 送达 平台 然后 不要 真的
7.45E+18,1735468344,浙江,7.45E+18,XX的那个换电，虽然众包没要求，但是我在用，铁塔60-30an的用完送的券，180一个月，太香了。,1.04E+11,MS4wLjABAAAA0DRQ1psd3p4OChFVLOWMkuJz0ByClZ8svAbpA-7kmYE,1568870685,912235573,,俊,https://p3-pc.douyinpic.com/aweme/100x100/aweme-avatar/tos-cn-i-0813_5db8befc9d1346f8b64b8ff28db9423f.jpeg?from=2064092626,38,35,1.76683E+12,0,,抖音,,,,,,价格优惠,换电 虽然 众包 要求 但是 铁塔 完送 一个月 太香
7.48E+18,1742119193,黑龙江,7.45E+18,我刚成年想跑点外卖整点小钱不想让家里负担太大 新手推荐哪个平台,1.11E+11,MS4wLjABAAAA9GhVUSJwoY01bt7RgPr4jneECwfFtYZ6QHs1OKyUA20,3419329207,xiaoxie14474,,King,https://p3-pc.douyinpic.com/aweme/100x100/aweme-avatar/tos-cn-i-0813_okEAhzyAyCNAsgeo18IABiiAxuBckMANJfqZLN.jpeg?from=2064092626,32,33,1.76683E+12,0,,抖音,,,,,,其他内容,我刚 成年 整点 小钱 不想 家里 负担 新手 推荐 平台
7.50E+18,1747014330,北京,7.50E+18,XX现在就是25-20叠4-3这种券，有的商家还可以用红包，XX是抢15-15和20-20但是挺难抢的，我是XX用津贴+膨胀的12+商家补贴等下单外卖，真的很便宜，一两块钱甚至几毛钱那种，XX也有类似的补贴商家，还有XX,1.11E+11,MS4wLjABAAAAQRIfcWZwqR7_YlczBqJR_WMIJ3vNoDGjLaHb60DEd7c,1989232372,aifuji93,,任飞,https://p3-pc.douyinpic.com/aweme/100x100/aweme-avatar/tos-cn-avt-0015_81ec67e96f7ed7ffd9d4e1ee404baa1a.jpeg?from=2064092626,0,0,1.76683E+12,0,,抖音,,,,,,价格优惠,现在 就是 这种 券有 可以 红包 但是 挺难 津贴 膨胀 补贴 下单 真的 便宜 两块钱 甚至 几毛钱 那种 类似 补贴 还有
7.50E+18,1746882356,山东,7.50E+18,那个先提高十倍价格再下降一半的XX吗算了，还是XX好用点,94387339318,MS4wLjABAAAA3uMSW1O4Lrwz-gJfP5Ph8kA7uiX9QXFsJMoGMYjCc6o,569798087,feifeifeifei0928,,1Yveveiii,https://p3-pc.douyinpic.com/aweme/100x100/aweme-avatar/tos-cn-i-0813c001_oAmANOO6YCqErAi94ANI7zEAATAggTfB6evBiR.jpeg?from=2064092626,1,40,1.76683E+12,0,,抖音,,,,,,价格优惠,提高 十倍 价格 下降 一半 算了 还是 好用
7.51E+18,1748786230,江西,7.50E+18,我朋友跑外卖，2.8点了两杯蜜雪冰城，然后自己在XX大厅找到了自己的单子，自己赚了配送费5块,97943573977,MS4wLjABAAAAhR0lI5xo27BK8ZKXpDe1q7TvZkllNYYzdRGFR-V0eds,894884064,Flvv127,,阿莫西西多.,https://p3-pc.douyinpic.com/aweme/100x100/aweme-avatar/tos-cn-i-0813_oY4XijcBiAA0aQBAIPAB5oa9FAITPKlZBEgyU.jpeg?from=2064092626,2,16,1.76683E+12,0,https://p9-sign.douyinpic.com/tos-cn-i-p14lwwcsbr/32e7939a145f47fe820fae84b7b356d4~tplv-p14lwwcsbr-7.image?lk3s=7b078dd2&x-expires=1766919600&x-signature=gFq66xgwLiqDWdKSqck0JYBnrE0%3D&from=2064092626&se=false&sc=image&biz_tag=aweme_comment&l=20251227184447905C47B91D85ECAA42F9,抖音,,,,,,价格优惠,朋友 两杯 蜜雪 冰城 然后 自己 大厅 找到 自己 自己 配送费
7.50E+18,1747096120,广东,7.50E+18,XX不知道 反正希望XX输因为XX的厂天天拿我当日本人整,3.81E+15,MS4wLjABAAAA-J5B0Gc8u-EtCbub-knZ2yJ5zmhQxdOLGqBZ4Ptgs62-yYXVC91yeMCgZJuVw-4j,37011008200,37011008200,,花有重开日,https://p3-pc.douyinpic.com/aweme/100x100/aweme-avatar/tos-cn-i-0813c001_oMef7WUDQgEQAFNpf38qAAvA2AvflM0FCAwqIP.jpeg?from=2064092626,1,15,1.76683E+12,0,,抖音,,,,,,平台体验,知道 反正 希望 因为 天天 当日 本人
7.49E+18,1744823541,福建,7.49E+18,真的好便宜，比XX，饿了吗便宜太多了，以后就用XX了,1.06E+11,MS4wLjABAAAA7yGkOg32QR06mcNwGWilUtc7RefFfX6gTybJCYqIwis,3419440720,dyunvfqwbomf,,体彩打工妹,https://p3-pc.douyinpic.com/aweme/100x100/aweme-avatar/tos-cn-avt-0015_970940507805f9c7d87439960d6d7274.jpeg?from=2064092626,6,100,1.76683E+12,0,,抖音,,,,,,价格优惠,真的 便宜 比饿 便宜 太多
7.50E+18,1745100111,福建,7.49E+18,可是我看了下没有我想象的那么优惠,95913675907,MS4wLjABAAAAEqm620BnbTyyfVLI2KcOB_TKPDcbcOwMVVAxJNBvAto,1718737035,,,卿非佳人,https://p3-pc.douyinpic.com/aweme/100x100/aweme-avatar/tos-cn-i-0813_ocA4aPaAIiBAwIAGkwm9AcNgBAZP8LaSXdECi.jpeg?from=2064092626,11,97,1.76683E+12,0,,抖音,,,,,,价格优惠,可是 想象 那么 优惠
7.58E+18,1763997862,江苏,7.58E+18,看到很多人说：“为什么不同一时间下单，这样更加客观。”但实际情况是同一时间在同一店铺下送至同一位置的单，很大概率会出现“骑手串单”，就是三个平台的骑手会把这种单子交给三个人中的某一个人去独立完成，最后你在三个平台点的外卖将会由一个骑手一起送过来，那测试就失去意义了，所以我们只能采用上一单即将送达时再立刻点下一单的方式，希望理解！,2.77E+14,MS4wLjABAAAAeD_kz3Q3uNBPiEH1rHYHgS0oU1BRCEnpqzR1X47nIqg,3697468786,dyhxiirdb2tn,,苏星河牛通,https://p3-pc.douyinpic.com/aweme/100x100/aweme-avatar/tos-cn-avt-0015_ebb71a9ee36a7bddbb571a77717a47e0.jpeg?from=2064092626,42,327,1.76683E+12,0,,抖音,,,,,,配送时效,看到 很多 为什么 不同 一时间 下单 这样 更加 客观 实际 情况 同一时间 同一 店铺 下送 同一 位置 很大 概率 出现 骑手 串单 就是 三个 平台 骑手 这种 交给 三个 人中 一个 人去 独立 完成 最后 三个 平台 将会 一个 骑手 送过来 测试 失去 意义 所以 我们 只能 采用 一单 即将 送达 立刻 点下 一单 方式 希望 理解
7.58E+18,1764160927,河南,7.58E+18,"变量很多，就比如说
1.红绿灯等的顺不顺，
2.手上的订单多不多
3.你下的这个订单排在路线的第几个
4.这一条线上有没有其他的餐卡你这个订单
不过话说回来，XX的综合评价应该是最高的
从骑手的便利性和派单的顺畅程度",1.05E+11,MS4wLjABAAAAoBvk1G3jFa0foKmuKj1WVIQ037mVoiG2IrPGZrAKQ0Y,1796014765,wrx9666,,继续喝🍉,https://p3-pc.douyinpic.com/aweme/100x100/aweme-avatar/tos-cn-i-0813c001_oAIUQABA7QKlAeDOoFCkf1tmoO5BfEAAamE7EG.jpeg?from=2064092626,2,23,1.76683E+12,0,,抖音,,,,,,配送时效,变量 很多 比如说 红绿灯 不顺 手上 多不多 路线 第几个 一条线 有没有 其他 餐卡 不过 话说回来 综合 评价 应该 最高 骑手 便利性 顺畅 程度
7.58E+18,1764869861,安徽,7.58E+18,怎么说呢，作为一个真实的外卖员跟你说，配送时间的长短因素是在是太多太多，比如短距离送餐，我接到了你这个订单，如果我并不喜欢你的这个近订单，我喜欢远单，那么我就可以下线，快速的把你这一单送完，去我想去的地方在上线拉远单，由此你能很快的拿到你的外卖。如果一个单子我不想单飞我还可以在那里等着，等着系统继续给我追单，在不超时的时间内送到你手上，那么你等的时间难免会变长，每个平台都一样，借楼祝所有外卖员平安出行，平安回家！,1.10E+11,MS4wLjABAAAA0FjJIvrAZ-PSodNz_Xdi_ev-PUk-fRpGUquWs06_-Nw,1883102772,xixikanba,,戏戏看,https://p3-pc.douyinpic.com/aweme/100x100/aweme-avatar/tos-cn-i-0813c001_f2c0989d5e9944e49584c2c0b7f211cc.jpeg?from=2064092626,1,35,1.76683E+12,0,,抖音,,,,,,配送时效,怎么 作为 一个 真实 配送 时间 长短 因素 太多太多 比如 短距离 送餐 接到 如果 喜欢 喜欢 远单 那么 可以 下线 快速 一单 完去 地方 上线 拉远单 由此 很快 拿到 如果 一个 不想 单飞 可以 那里 系统 继续 追单 超时 时间 送到 手上 那么 时间 难免会 每个 平台 一样 借楼 所有 平安 出行 平安 回家
7.58E+18,1764039355,浙江,7.58E+18,测这种东西没有意思的，同样两公里的单子，有时候我可以5分钟就送到你手里，有时候我也可以30分钟送到你手里。快与慢主要还是看平台如何给你派单，商家如何给你出餐了,56835576033,MS4wLjABAAAAjUpoVHlKE4eKziOx7mQTbbdHzL7jXqtCO18hjjdedqU,47668275,WZ20001015,,橘座,https://p3-pc.douyinpic.com/aweme/100x100/aweme-avatar/tos-cn-i-0813_okIUABsvoCxkaFTaEAIg2AihiPgPEAT87iAzA.jpeg?from=2064092626,4,39,1.76683E+12,0,,抖音,,,,,,配送时效,这种 东西 意思 同样 两公里 可以 送到 手里 可以 送到 手里 主要 还是 平台 如何 如何 出餐
7.58E+18,1764438754,北京,7.58E+18,还是要说一下，主播你前面的数据说明不了任何事，基本可以说完全白费，因为不确定因素太多了，比如商家卡餐，比如骑手是否新手和手里单量的多少，再比如骑手骑行速度，甚至严重点骑手心情好坏也会影响到外卖配送速度，路况问题，顾客联系不上，各种地址不明等等众多因素,4.09E+15,MS4wLjABAAAAIEajl3A8LaQdFiBKauWBIr2oSd-dznoI2LqgNagjN-E3_k5r4dtDvsXdgYQyFx7N,57238403336,57238403336,,TiMe丶丹墨,https://p3-pc.douyinpic.com/aweme/100x100/aweme-avatar/aweme_default_avatar.png.jpeg?from=2064092626,1,8,1.76683E+12,0,,抖音,,,,,,配送时效,还是 要说 一下 主播 前面 数据 说明 不了 任何 基本 可以 完全 白费 因为 确定 因素 太多 比如 卡餐 比如 骑手 是否 新手 手里 单量 多少 比如 骑手 骑行 速度 甚至 严重 骑手 心情 好坏 影响 配送 速度 路况 问题 顾客 联系 不上 各种 地址 不明 等等 众多 因素
7.58E+18,1764080162,上海,7.58E+18,这种测评毫无意义，去下个XX众包或者小鸟，干个半个月就知道了，举个例子，你家和店铺100米，骑手送达时间可以在5分钟到25分钟中任何时间到达,3.09E+15,MS4wLjABAAAAa-wm30TEUsok_DYpEpPf750kYAXmNFzyUyDsiLougwXV6msEEW3ycXiiIABqNMOd,2332022775,dahongmao658,,大红猫,https://p3-pc.douyinpic.com/aweme/100x100/aweme-avatar/tos-cn-i-0813_oAw99kAz7OpDAoffAAgAoMjbBQbgO8QnA7CCQ2.jpeg?from=2064092626,3,11,1.76683E+12,0,,抖音,,,,,,配送时效,这种 测评 毫无意义 下个 众包 或者 小鸟 干个 半个 知道 举个 例子 你家 店铺 骑手 送达 时间 可以 任何 时间 到达
7.58E+18,1764066914,四川,7.58E+18,出餐速度，配送时段，天气，工作日和休息日，当前地段今天上班的配送员数量，当前配送员的经验，变量太多了，所以这个数据基本上没有统计学意义，也不具备参考价值,94206224517,MS4wLjABAAAA1_reQUBL8HyKmIjvnh1dE4CzeA0IefVvqXDGeiv_3bI,388760934,,,枫叶,https://p3-pc.douyinpic.com/aweme/100x100/aweme-avatar/mosaic-legacy_fccb0004fc84f580af99.jpeg?from=2064092626,6,37,1.76683E+12,0,,抖音,,,,,,配送时效,出餐 速度 配送 时段 天气 工作日 休息日 当前 地段 今天 上班 配送 数量 当前 配送 经验 变量 太多 所以 数据 基本上 统计学 意义 具备 参考价值
7.58E+18,1764154017,重庆,7.58E+18,"作为一个骑手，个人觉得你这期视频前期的对比数据没有太大意义，偶然成分太大，对时间影响大的几个主要因素有：
1.你下单的时间（是都处于高峰期）
2.接单的骑手挂了几单（一般骑手都不会单飞的）
3.你下单的店铺单多不多，以及你的位置是否方便配送",69580269066,MS4wLjABAAAAGSIMru_1bhguk5xhlgEO3IKjI7UBCpjr5VbFJpdadmI,786216463,,,枫子,https://p3-pc.douyinpic.com/aweme/100x100/aweme-avatar/1cf3e4c680f1fc55f739e976ed98049d.jpeg?from=2064092626,4,28,1.76683E+12,0,,抖音,,,,,,配送时效,作为 一个 骑手 个人 觉得 这期 视频 前期 对比 数据 意义 偶然 成分 太大 时间 影响 几个 主要 因素 下单 时间 处于 高峰期 接单 骑手 几单 一般 骑手 不会 单飞 下单 店铺 多不多 以及 位置 是否 方便 配送
7.58E+18,1765307905,湖南,7.58E+18,"变量太多
1，下单时间不一样，是否高峰或者错峰
2，商家是否卡餐
3，站点后台订单调配派发
4，接单骑手是什么身份模式
5，取到你的餐后骑手是否还有其他订单待取餐配送，并且其他订单取餐是否卡餐，配送是否卡电梯卡小区
6，你的订单在骑手手上排第几是否顺路
7，道路交通问题
8，看骑手心情",5.68E+13,MS4wLjABAAAA139-fNThEzmnX_kTAd531Wp0TT3f1cCXI8Zwdt6Abng,2185282989,,,老周,https://p3-pc.douyinpic.com/aweme/100x100/aweme-avatar/aweme_default_avatar.png.jpeg?from=2064092626,0,2,1.76683E+12,0,,抖音,,,,,,配送时效,变量 下单 时间 一样 是否 高峰 或者 错峰 是否 卡餐 站点 后台 调配 派发 单骑 手是 什么 身份 模式 取到 餐后 骑手 是否 还有 其他 取餐 配送 并且 其他 取餐 是否 卡餐 配送 是否 电梯 小区 骑手 手上 第几 是否 顺路 道路交通 问题 骑手 心情
7.21E+18,1677916758,上海,7.21E+18,以前百度外卖送到了还会鞠个躬说一句祝您用餐愉快,59719196227,MS4wLjABAAAAwR0m77zZFSGhtWJF1PFAXb3RfmHFeWy6-Yfy0b8h4Y0,11987367,,,抹茶-,https://p3-pc.douyinpic.com/aweme/100x100/aweme-avatar/mosaic-legacy_2d02b000161308d16060d.jpeg?from=2064092626,2,41,1.76683E+12,0,,抖音,,,,,,平台体验,以前 百度 送到 鞠个 一句 祝您 用餐 愉快
7.54E+18,1755237212,上海,7.21E+18,这百度外卖倒闭纯骑手作的，过年给你路费回去让你开开心心跑XX去干了，现在好了三快钱一单老实了吧,93450925270,MS4wLjABAAAAryWYW9Jv_w8qLJTwXoNZsTRw5Mnj4C4hmT4wtdDP7t8,1153544950,,,Wik-,https://p3-pc.douyinpic.com/aweme/100x100/aweme-avatar/tos-cn-i-0813_d76633af1a704a91b3a30b6016e7b0d6.jpeg?from=2064092626,1,1,1.76683E+12,0,,抖音,,,,,,配送时效,百度 倒闭 骑手 过年 路费 回去 开开心心 现在 三快 一单 老实
7.54E+18,1755273170,上海,7.21E+18,11年12年XX用什么点?电脑吗？我很好奇用十几年前点过外卖的吗？怎么操作?打店里电话那种就不用说了,1.05E+11,MS4wLjABAAAA4cGOZaJ7d0-9Lxpbs6ezBR0BHi1WR0Xgm9StYXuYvu8,1716313889,longan66666,,崂山道士,https://p3-pc.douyinpic.com/aweme/100x100/aweme-avatar/tos-cn-i-0813c000-ce_oMeAOAFEcIDBasAAqOAwf9EJphQU9FCEeATLdE.jpeg?from=2064092626,1,0,1.76683E+12,0,,抖音,,,,,,其他内容,年用 什么 电脑 好奇 十几年 前点 怎么 操作 店里 电话 那种 不用说
7.21E+18,1677891625,上海,7.21E+18,在上海是XX天下！在全国是XX的天下！因为我们老家只有XX！XX很少！,72307716384,MS4wLjABAAAADDYREOHolsU03ntuPlBjLEJrTqsxsKAHZRiz5SUs7qo,211799559,zizuo.net,,搞IT的小余,https://p3-pc.douyinpic.com/aweme/100x100/aweme-avatar/tos-cn-i-0813c000-ce_ooojCeVQIAUmELoAEvANBEAoA9F69efCSwpDOE.jpeg?from=2064092626,37,145,1.76683E+12,0,,抖音,,,,,,平台体验,上海 天下 全国 天下 因为 我们 老家
7.21E+18,1677892123,广东,7.21E+18,我是XX外卖小哥  说实实在在的话 XX商家一天的订单超过100单  XX只有一二十单   XX站点员工超过100人  XX站点员工只有30人,59134034602,MS4wLjABAAAAAp8pn0EVcDIBtClyOCBPohSgClK3XLPOBqO0oN7eK5A,614648521,ayydydy2,,喂✨Mr wei.🇨🇳,https://p3-pc.douyinpic.com/aweme/100x100/aweme-avatar/tos-cn-i-0813_oEoFhJA4Eht9oLAA20yAmzICcI9ONlANgAJfDe.jpeg?from=2064092626,1,4,1.76683E+12,0,,抖音,,,,,,配送时效,小哥 实实在在 的话 超过 一二十 站点 员工 超过 站点 员工
7.14E+18,1661790986,,7.03E+18,喜欢上开心三顿饭了。,3.68E+15,MS4wLjABAAAAqhF6KCcRIuA6yAAI1wvA4xKUSLsBnd--ZB_i5ASKlGx7_DLLy7qotkjm5XRIorIk,40739467826,40739467826,,qing,https://p3-pc.douyinpic.com/aweme/100x100/aweme-avatar/tos-cn-i-0813_oQEA0izLjCAMAGBEIfhoANAgi3bJom7YYAdAer.jpeg?from=2064092626,0,1,1.76683E+12,0,,抖音,,,,,,餐品质量,喜欢 开心 三顿
7.03E+18,1635941129,,7.03E+18,我自己开店，备注加份量除非点的多我高兴，不然一律无视，用的红包折扣量更少,87802555937,MS4wLjABAAAAPg-ouDnm5BsbHeiJSkq2w6mHw1VBPd9q6Iu8k5xzo2k,269135485,,,。。。～,https://p3-pc.douyinpic.com/aweme/100x100/aweme-avatar/tos-cn-avt-0015_effbe07be4099161705fb8ec6af84306.jpeg?from=2064092626,9,72,1.76683E+12,0,,抖音,,,,,,餐品质量,自己 开店 备注 份量 除非 高兴 不然 一律 无视 红包 折扣 更少
7.50E+18,1746553445,广东,7.50E+18,希望他们商战多打一段时间，这样我点外卖也能便宜点,77847838565,MS4wLjABAAAAVNPAHYncWMGOWRJbwtg7AFFF0KU5qPNU04LrVkX5RnY,187194471,,,怀念,https://p3-pc.douyinpic.com/aweme/100x100/aweme-avatar/tos-cn-avt-0015_2d88ecdcf69b8f3a1c46048bc20d6884.jpeg?from=2064092626,6,1887,1.76683E+12,0,,抖音,,,,,,价格优惠,希望 他们 商战 一段时间 这样 我点 便宜
7.50E+18,1746558763,山东,7.50E+18,唯一迟到的红利奶茶喝多了现在还睡不着,3.06E+14,MS4wLjABAAAAnXGfnMGZaT0beikJ9NcWHinClnkxwtmC5VEgnq8BzT0,40598383487,wo_ainiqwq,,梦想是天天开心,https://p3-pc.douyinpic.com/aweme/100x100/aweme-avatar/tos-cn-avt-0015_73e70450fb939bac025442ce94b91f53.jpeg?from=2064092626,16,126,1.76683E+12,0,,抖音,,,,,,价格优惠,唯一 迟到 红利 奶茶 喝多 现在 睡不着
7.50E+18,1746560215,内蒙古,7.50E+18,XX怎么玩不起了之前买的五块钱券最高11 现在最高6块,1.08E+11,MS4wLjABAAAA_c4j_qgjPLPa4XS2IYx8rSpJX0EVuk62EUKSfN9zoCg,1771842552,Z.0107H.,,妞妞大王0107,https://p3-pc.douyinpic.com/aweme/100x100/aweme-avatar/tos-cn-avt-0015_fde90bc7b8f1d06a1e62239d6ee26f41.jpeg?from=2064092626,10,74,1.76683E+12,0,,抖音,,,,,,价格优惠,怎么 玩不起 之前 五块 钱券 最高 现在 最高
7.24E+18,1685078462,广东,7.24E+18,现在送外卖一个月工资大概多少,4.34E+15,MS4wLjABAAAAIk41b3zZiXQu_rs_Fofe7073YF8-Uxa1ig2gvVrwe42Wct-aJEA3ulE6EOfWEWUl,3576647862,7gui52359490,,麻辣烫,https://p3-pc.douyinpic.com/aweme/100x100/aweme-avatar/tos-cn-i-0813c001_oECkAASCmeAAtAAAElDnMybRIAiFgMt9ANIof9.jpeg?from=2064092626,391,336,1.76683E+12,0,,抖音,,,,,,其他内容,现在 一个月 工资 大概 多少
7.26E+18,1691395527,河北,7.26E+18,XX:你们这操作让我恶心,74586554269,MS4wLjABAAAAKipemIWvhr9Y9EmdJHlNLXAWvNhv85ztHILB_7cJ-5o,115938887,,,Crispy cheese,https://p3-pc.douyinpic.com/aweme/100x100/aweme-avatar/tos-cn-i-0813c000-ce_oQeAsEh5A4AI2Ac0k6eiirPAEEEfGANHtwBVAC.jpeg?from=2064092626,45,15537,1.76683E+12,0,,抖音,,,,,,平台体验,你们 操作 恶心
7.26E+18,1691426493,贵州,7.26E+18,其次！如果大家一味只用XX，未来会造成市场垄断，XX可以无止境割消费者韭菜！,1.31E+15,MS4wLjABAAAAtfEVcaNL0mdfpZGPaGEBffAqgneST9Pg0b6Vzm3Na2rURWsf-u5wplinMHH6lFop,3425127827,xmwsryfdc9,,￴ ￴ ￴￴￴￴ ￴￴ ￴￴,https://p3-pc.douyinpic.com/aweme/100x100/aweme-avatar/tos-cn-i-0813c000-ce_o8lnIeYU6DAfssArA9FyE9nAGASwdENyQRfRXE.jpeg?from=2064092626,74,3337,1.76683E+12,0,,抖音,,,,,,平台体验,其次 如果 大家 一味 只用 未来 造成 市场 垄断 可以 无止境 消费者 韭菜
7.26E+18,1691400681,安徽,7.26E+18,我这里XX老乡鸡月销9999,1.00E+11,MS4wLjABAAAApX1mW5Yg8muSTlA1jwhfrZ863FIXpEYgJYFem7whbzg,1065378897,00.000.0000.00,,芦柑橘子皮,https://p3-pc.douyinpic.com/aweme/100x100/aweme-avatar/tos-cn-avt-0015_f7475dc7657afe87450773854464469b.jpeg?from=2064092626,152,3788,1.76683E+12,0,https://p3-sign.douyinpic.com/tos-cn-i-p14lwwcsbr/9b650753c78c4172aebc3be5c17e988d~tplv-p14lwwcsbr-7.image?lk3s=7b078dd2&x-expires=1766851200&x-signature=PEycE%2BuNGJYSUD0Lia0rEOSUNu4%3D&from=2064092626&se=false&sc=image&biz_tag=aweme_comment&l=20251227184609F3776E9740B520A9E733,抖音,,,,,,餐品质量,这里 老乡 鸡月销
7.26E+18,1691408688,湖南,7.26E+18,有一说一，我在XX投诉一家面有虫，然后它第二天就被下架了………,95489184528,MS4wLjABAAAAhH5KgQnxuvyYN84rfZ1A1xpN8dR0O2AKQ3CBn9-k2xQ,595737556,LTL_0210,,阿兰,https://p3-pc.douyinpic.com/aweme/100x100/aweme-avatar/tos-cn-avt-0015_36cc9b0b9b60c7aa9e8d067653f9ec38.jpeg?from=2064092626,349,8055,1.76683E+12,0,,抖音,,,,,,餐品质量,投诉 一家 面有 然后 第二天 下架
7.20E+18,1676548758,江苏,7.20E+18,这条那么努力的声明了怎么还是好像限流了🆘,88251291495,MS4wLjABAAAAzzufDZVJO_X8I8YnKTd5m3YmRY2LI9CQ0VTqEqRLUY4,271294296,,,打工仔小张,https://p3-pc.douyinpic.com/aweme/100x100/aweme-avatar/tos-cn-avt-0015_982a94ad61f3e84a1c9c0973a54eed35.jpeg?from=2064092626,55,4042,1.76683E+12,0,,抖音,,,,,,其他内容,那么 努力 声明 怎么 还是 好像 限流
7.58E+18,1764027658,河北,7.58E+18,任何一个外卖平台，跑腿平台，都有不人道的一面，资本家的目的就是，只要自己挣钱就行，不管骑手的死活，我跑过UU跑腿，XX，UU每天扣了保险钱，保险都不给交全了，而且发生交通事故，骑手还要担负300块钱，或百分之二十，商家出餐慢，你就上报了，超时10分钟以上，就申诉不回来，XX是最心黑的，商家，顾客，骑手都骂街，单价一降再降，两单打包单给一单的钱，资本家都是一个揍相的,4.58E+14,MS4wLjABAAAAR9qciIEAsGjGhUeEAeXyXf7_OciphAcmp7nnyEan2jU,4138004854,dyms8i5evwts,,☞岁月无声☜,https://p3-pc.douyinpic.com/aweme/100x100/aweme-avatar/tos-cn-i-0813_oInSBeeGEENk7bPBenMcCMZzZE0AZI6ALAATIA.jpeg?from=2064092626,0,0,1.76683E+12,0,,抖音,,,,,,平台体验,任何 一个 平台 跑腿 平台 不人道 一面 资本家 目的 就是 只要 自己 挣钱 就行 不管 骑手 死活 跑腿 每天 保险 保险 交全 而且 发生 交通事故 骑手 还要 担负 块钱 百分之二十 出餐 上报 超时 以上 申诉 回来 最心 顾客 骑手 骂街 单价 一降 单打 包单 一单 资本家 一个
7.58E+18,1763993481,福建,7.58E+18,毫无疑问是XX，从最早的黑商家是他开发的，到不按规则办一直搞潜规则，再到干不过XX后第一个且每轮降低单价都是他带头再到现在他牛批了价格看降低到什么样子了,1.09E+11,MS4wLjABAAAA956kc4AHsodrqua-PNsmMaJq7beC8FsAmCB0a5wa-3Y,1840478007,,,一支煙,https://p3-pc.douyinpic.com/aweme/100x100/fab10002d4d3dae518d4.jpeg?from=2064092626,0,3,1.76683E+12,0,,抖音,,,,,,平台体验,毫无疑问 是从 最早 开发 规则 一直 潜规则 不过 第一个 每轮 降低 单价 带头 现在 牛批 价格 降低 什么 样子
7.58E+18,1763993891,广东,7.58E+18,8年外卖老骑手，所有平台都跑过，只觉得XX最良心,1.11E+11,MS4wLjABAAAAFvNtgUwR2_kvlvASATThI-bruMIcRcW0q6uYq0O5Pec,3532938563,dyg0z5crh67h,,九 gg.,https://p3-pc.douyinpic.com/aweme/100x100/aweme-avatar/tos-cn-i-0813c001_osAbreOxA6Z90nKLIOsAtfAhD5DA8ljDgACyEX.jpeg?from=2064092626,74,549,1.76683E+12,0,,抖音,,,,,,平台体验,骑手 所有 平台 觉得 良心
7.58E+18,1764006273,河南,7.58E+18,我偶尔会跑跑众包，几个平台都试过。也就XX对众包比较友好一点。一天干三四个小时也能赚七八十。我觉得挺好了。其他那些平台，更本不给众包单子的。坐标河南郑州。,1.09E+11,MS4wLjABAAAAytukB4jmFlSoFQFsNricHufVHL0vLtSA-ywnEc8bIas,1871525157,,,大头烧烤,https://p3-pc.douyinpic.com/aweme/100x100/aweme-avatar/tos-cn-i-0813_d7cb04bc635e4855b3f078ad5dc894e8.jpeg?from=2064092626,1,2,1.76683E+12,0,,抖音,,,,,,平台体验,偶尔 跑跑 众包 几个 平台 试过 众包 比较 友好 一点 三四个 七八十 觉得 其他 那些 平台 更本 众包 坐标 河南 郑州
7.58E+18,1764030128,江苏,7.58E+18,我七八年了跑过几个平台对比下来，感觉XX众包还是有良心的，去年出事故脚部骨折，只在App上上报之后立刻就有专员跟我对接，生活保障金和工伤补偿都很满意,92450136389,MS4wLjABAAAA-v5hlU3pEQsKkenqzYIoNKsnb_lmvqiRHolNgA1nix4,334247125,,,平静的柠檬,https://p3-pc.douyinpic.com/aweme/100x100/aweme-avatar/tos-cn-i-0813c000-ce_ooMnMoABfAEfAcDtAVl6iwQwFF9sRPmA0eEIEA.jpeg?from=2064092626,0,1,1.76683E+12,0,,抖音,,,,,,平台体验,七八年 几个 平台 对比 下来 众包 还是 良心 去年 事故 脚部 骨折 上报 之后 立刻 专员 对接 生活 保障金 工伤 补偿 满意
7.58E+18,1764012193,广西,7.58E+18,XX要参加培训，现在又不招人，所以没跑过，小鸟偷时间偷距离。单价还低，压单。大厅看不到单的，拒单两次就不派单了。XX虽然抢不到单，也没什么单，至少不压单，商家卡餐的时候，上报成功可以无责取消，黄金骑士可以每天有责取消一单。王者可以两单，每天拒单可以拒二十次。但是XX的打包单真低，平峰期价格也不高。,1.00E+11,MS4wLjABAAAA3W8ciWvA8mkGn6NJFU9QbGVdjDQTP_ba8NtpolNEOAA,1080607941,,,一夜之秋,https://p3-pc.douyinpic.com/aweme/100x100/aweme-avatar/tos-cn-i-0813c000-ce_owSpVK3EAAAyA9cqwEFaQTeDFf0eJcUEEAEBBI.jpeg?from=2064092626,0,1,1.76683E+12,0,,抖音,,,,,,其他内容,参加 培训 现在 招人 所以 没跑 小鸟 时间 距离 单价 低压 大厅 看不到 拒单 两次 虽然 不到 没什么 至少 不压单 卡餐 时候 上报 成功 可以 无责 取消 黄金 骑士 可以 每天 有责 取消 一单 王者 可以 两单 每天 拒单 可以 二十次 但是 打包 单真 低平 峰期 价格
7.58E+18,1764241753,山东,7.58E+18,我誓史效忠XX。看一下我觉得老美的情况来讲还算是比较稳定点的，虽然说的话运价还是一样。辣坤🐔但是时间上方面还可以，原价的话，至少的话除了畅跑以外，最低的运价也就才3块9至少还能接受,1.47E+15,MS4wLjABAAAALOcM1QjB0ecO0AUgBu6QS4jP_xYB3mgKBH-CVGujLCZH0DI2qx3HxHWCnu-4Lc_I,57861836493,57861836493,,@桂花精灵X桂子飘香,https://p3-pc.douyinpic.com/aweme/100x100/aweme-avatar/tos-cn-i-0813c000-ce_oIieqCIP3CLkAuBQEwfmiUAeAZENMAulE6R0TA.jpeg?from=2064092626,0,0,1.76683E+12,0,,抖音,,,,,,其他内容,誓史 效忠 一下 觉得 美的 情况 来讲 算是 比较稳定 虽然 的话 运价 还是 一样 辣坤 但是 时间 方面 可以 原价 的话 至少 的话 除了 畅跑 以外 最低 运价 至少 接受
7.58E+18,1764233776,江苏,7.58E+18,XX众包大厅要么预定单，要么商超单五公里四块，XX单子虽然少，但是午高峰也能有一波，一小时四五十没问题，好点六七十，XX活动比较多，经常接几单带冲单奖的订单会给你多少多少钱，但是这个派单他不给你派冲单量的，很少，四个订单能有两个吧，还得让你超时，两个订单一起的一家也只算一个冲单量，很狗,75466106527,MS4wLjABAAAAZGtSuGO6c6fyO3l5xHNmFFDjoCmf_vDVBsds1kbUUzg,122513048,Ts123...,,NPC      Y,https://p3-pc.douyinpic.com/aweme/100x100/aweme-avatar/tos-cn-i-0813_f1179dfb62b143748d78a67fa63dc2f0.jpeg?from=2064092626,0,0,1.76683E+12,0,,抖音,,,,,,其他内容,众包 大厅 要么 预定 要么 商超单 五公里 四块 虽然 但是 高峰 一波 四五十 问题 好点 六七十 活动 比较 经常 接几单 带冲 单奖 多少 多少 但是 派单 单量 四个 两个 超时 两个 一家 只算 一个 单量
7.58E+18,1764014514,河南,7.58E+18,市场会自动调节的，好的平台吸纳足够的人，激烈的内卷和平台政策改变加上其他平台稍微放点福利就会使人员再次流失，不存在一直好或者一直坏。坚持一个平台的和那些来回横跳的最后发现都差不多。能选择干这行业的大多也不是因为热爱，不过确实带来了温饱。最后我想说誓死效忠XX,4.58E+14,MS4wLjABAAAAC2EhI_567N-5ubCexMptxH0TBwu0Vh0IYS8oyN-Db9Y,91770728342,91770728342,,静候佳音,https://p3-pc.douyinpic.com/aweme/100x100/aweme-avatar/tos-cn-i-0813_oIAQAEjA7vkIOAdf6AufDTfNGNXDBEFxaKEBQJ.jpeg?from=2064092626,0,0,1.76683E+12,0,,抖音,,,,,,平台体验,市场 自动 调节 平台 吸纳 足够 激烈 内卷 平台 政策 改变 加上 其他 平台 稍微 福利 人员 再次 流失 存在 一直 或者 一直 坚持 一个 平台 那些 来回 最后 发现 差不多 选择 行业 大多 不是 因为 热爱 不过 带来 温饱 最后 誓死 效忠
7.55E+18,1757438781,浙江,7.55E+18,XX给的多天天给券，XX感觉给不动了 ，上次订单还是7月末   XX根本不给   但我觉得影像不了XX，毕竟结束后 大家还会去XX XX不只有外卖，还有团购，超市，电影，小象超市,71552230284,MS4wLjABAAAACF4EscuWVJKpSKiANnYi8iz-WiQiZgIQS8WvljDSKsk,123374916,UU93516,,哎呦哎呦IU,https://p3-pc.douyinpic.com/aweme/100x100/aweme-avatar/tos-cn-i-0813_oU9MxAAigBCOnr4oIfWQAYMfD0A2IfAQIx8eMG.jpeg?from=2064092626,8,54,1.76683E+12,0,,抖音,,,,,,价格优惠,天天 给券 不动 上次 还是 月末 根本 觉得 影像 不了 毕竟 结束 大家 还会 还有 团购 超市 电影 超市
7.55E+18,1757472530,广东,7.55E+18,"个人本月使用体验
配送速度：XX＞XX＞XX
优惠力度：XX＞XX＞XX

这个月XX已经连续2次超时40分钟，我要考虑吃不吃XX了",2.40E+15,MS4wLjABAAAAqVVZtH4ltOKKyolFJQGbCaB651H9in98asULcdjhCaTEDTlStTIAnHHsA7lyfH1o,3228710810,orange_00100,,橘子橘又橘,https://p3-pc.douyinpic.com/aweme/100x100/aweme-avatar/tos-cn-i-0813c001_o0AOEI9QMHmdVEV6AQ83AyAAxWefASBBe3G7C5.jpeg?from=2064092626,2,6,1.76683E+12,0,,抖音,,,,,,配送时效,个人 本月 使用 体验 配送 速度 优惠 力度 已经 连续 超时 我要 考虑 不吃
7.55E+18,1757425945,广东,7.55E+18,其实很简单的，XX外面那个订单增长不上来很简单，因为XX外卖的外卖员，他的那个服务速度还有质量真的是太不稳定了，你说你找个地方你都找不到，这是真的没话说,2.25E+13,MS4wLjABAAAAHO_NTMHA-2OaKvVxY0Luh-4ilysNvobD9mDOmJNT7J0,65787782908,65787782908,,王梳舒,https://p3-pc.douyinpic.com/aweme/100x100/aweme-avatar/tos-cn-i-0813c000-ce_oge8e27ATAKIAyAd7nGeckQvfIAXXg24QL8DBQ.jpeg?from=2064092626,4,36,1.76683E+12,0,,抖音,,,,,,平台体验,其实 简单 外面 增长 上来 简单 因为 服务 速度 还有 质量 真的 稳定 找个 地方 不到 这是 真的 没话说
7.57E+18,1761363470,四川,7.55E+18,XX的优惠力度很大。。。。XX现在的配送费和打包费加起来要收你5~10块。。。打包费一个纸盒或者塑料就收2块加一个给你放塑料盒里面也要收1~2块,6.21E+14,MS4wLjABAAAAU_-tes6iqVNMkkvuLjN1s10Ma4UayR84rUvBJQdHxCY,23242401897,23242401897,,抖音·超标酱,https://p3-pc.douyinpic.com/aweme/100x100/aweme-avatar/tos-cn-i-0813_oAlhA4BugyI3gA2AAIvAybL7tTcOEABiPiaI9.jpeg?from=2064092626,0,6,1.76683E+12,0,,抖音,,,,,,价格优惠,优惠 力度 很大 现在 配送费 打包 费加 起来 要收 打包 一个 纸盒 或者 塑料 块加 一个 塑料盒 里面
7.56E+18,1760967753,浙江,7.55E+18,XX加油👏！,77487922058,MS4wLjABAAAAqoXqTUgA_EBbZgowMt8zcyce2Kj3J8i19v-GdeaIHIc,138125955,,,路人甲,https://p3-pc.douyinpic.com/aweme/100x100/aweme-avatar/aweme_default_avatar.png.jpeg?from=2064092626,0,2,1.76683E+12,0,https://p26-sign.douyinpic.com/tos-cn-i-p14lwwcsbr/2b1e8e0ddddd4881a5df6e95992ac72b~tplv-p14lwwcsbr-7.image?lk3s=7b078dd2&x-expires=1766851200&x-signature=06XAI34fvukIrjgBIlO45rOtZlw%3D&from=2064092626&se=false&sc=image&biz_tag=aweme_comment&l=202512271846449BD6B87E3A8E69A14D45,抖音,,,,,,平台体验,加油
7.55E+18,1757436045,江西,7.55E+18,前天我点了个外卖自取堂食，店里的价格是25，平台优惠价15，商家到手7.8，他说你要堂食的话，我就给你退单，因为我实在是端不出来给你肉太少了，我怕你说我，所以那400个亿平台出了多少块钱呢？,74956364570,MS4wLjABAAAAADfbu4fCdYdQ8N9Lq9fLVIEbdOCaxJ55kKjPacQ_gy0,118729054,,,118729054,https://p3-pc.douyinpic.com/aweme/100x100/aweme-avatar/aweme_default_avatar.png.jpeg?from=2064092626,0,3,1.76683E+12,0,,抖音,,,,,,价格优惠,前天 我点 自取 堂食 店里 价格 平台 优惠价 到手 的话 退单 因为 实在 出来 太少 所以 平台 多少 块钱
7.55E+18,1757484395,浙江,7.55E+18,我们需要的是一个病怏怏的XX,1.75E+15,MS4wLjABAAAAECUJJNm61IbC-XagbNI3u92MXindBmcctG04wqs2HNujMYymB0YKnbhfHT1iC267,2835442321,Mikami_Mika,,Mika.,https://p3-pc.douyinpic.com/aweme/100x100/aweme-avatar/tos-cn-avt-0015_e30f32cd98d272f9cd17944472423e52.jpeg?from=2064092626,0,14,1.76683E+12,0,,抖音,,,,,,其他内容,我们 需要 一个 病怏怏
7.55E+18,1757501594,广东,7.55E+18,商家说不挣钱，骑手也说不挣钱，平台也亏钱，那么钱去哪里了呢？,1.26E+15,MS4wLjABAAAA1-jE-of1ogBcSD4QQ0tJ8otm0eI6KdajPkf1EmRN0QTwYGZKeSWuKUVDfv_zRTqj,2933375449,panghuiya681,,阿辉,https://p3-pc.douyinpic.com/aweme/100x100/aweme-avatar/tos-cn-i-0813c000-ce_ooe6dkkelE6lAQhEi0qwVAByisfAAEFADIZtAm.jpeg?from=2064092626,1,3,1.76683E+12,0,,抖音,,,,,,平台体验,挣钱 骑手 挣钱 平台 那么 哪里
7.55E+18,1757431917,安徽,7.55E+18,XX的券看人给，我没咋用过就不给我，外卖大战基本没用过XX,96515693639,MS4wLjABAAAAnsfFaXdmiA3zYFasLDvCJFSg7MiD8xlOoxw8Xd_ASN8,701284818,,,Roc,https://p3-pc.douyinpic.com/aweme/100x100/aweme-avatar/tos-cn-avt-0015_8aaa4384c0dcabf453ed74f9226792fa.jpeg?from=2064092626,0,7,1.76683E+12,0,,抖音,,,,,,平台体验,大战 基本 没用过
7.55E+18,1757460077,广东,7.55E+18,XX天天举报另外两家补贴，因为他打不起,3.71E+15,MS4wLjABAAAA5BtCf7g_fcYRKUi0W2mA_-qAdeQWK-foknx8LvGE98dVK0zSsSlbeAssIEAxuw-Y,72469264508,72469264508,,得女性者得天下,https://p3-pc.douyinpic.com/aweme/100x100/aweme-avatar/tos-cn-i-0813c000-ce_ogAx8Dbe7SINA8JDEsGsf0LTAoUWgAfEuEnAIB.jpeg?from=2064092626,0,6,1.76683E+12,0,,抖音,,,,,,价格优惠,天天 举报 另外 两家 补贴 因为 不起
7.50E+18,1746417103,四川,7.38E+18,微信里面的XX外卖可以用吗？哪种实用一点？,3823214508,MS4wLjABAAAAYnA4kfXkLflQ9suP71MJJVle4TZQmS8JjPa8Pb0qA9Q,895977021,,,阿 ～💕   宁,https://p3-pc.douyinpic.com/aweme/100x100/aweme-avatar/tos-cn-i-0813_fc8ac789a0994873954eeec863fdf66b.jpeg?from=2064092626,6,2,1.76683E+12,0,,抖音,,,,,,平台体验,微信 里面 可以 哪种 实用 一点
7.37E+18,1716208015,海南,7.22E+18,我们对比过  大宝饭票   点外卖确实便宜很多,98401850780,MS4wLjABAAAA1dtaUvfXarijC6YsCmwxBStUvQWyebRFeY1Uw-YDXYc,932244855,ZNXFT,,#NAME?,https://p3-pc.douyinpic.com/aweme/100x100/aweme-avatar/tos-cn-avt-0015_e5aec8da3be8b2a84a1c5bd557a6b274.jpeg?from=2064092626,0,6,1.76683E+12,0,,抖音,,,,,,价格优惠,我们 对比 大宝 饭票 便宜 很多
7.58E+18,1764918427,湖北,7.58E+18,理解外卖员不容易，一般送慢点也不会说啥，但真的很恶心有些平台老偷时间,7.54E+18,MS4wLjABAAAA6cqaJYUNOIj6oF6nTvmps3_Xt6hBY3xbOF9FldUu4O3LpI3DzmtSS7xygAzqhtJC,32213726211,32213726211,,雪谷铃音绕柳,https://p3-pc.douyinpic.com/aweme/100x100/aweme-avatar/tos-cn-avt-0015_534c960b3bc883852bd0fa6b5ce9f266.jpeg?from=2064092626,1,162,1.76683E+12,0,,抖音,,,,,,配送时效,理解 容易 一般 慢点 不会 真的 恶心 有些 平台 老偷 时间
7.58E+18,1765045619,四川,7.58E+18,点的离我几百米的一家陶德砂锅 半小时过去骑手距离商家还有三点七公里,63859681525,MS4wLjABAAAAAwG5Wj6UILXYHcO5pPzTsFlaWkRwU37w4KBkTvPjNu0,45213102,,,Lrene,https://p3-pc.douyinpic.com/aweme/100x100/aweme-avatar/tos-cn-avt-0015_f27afcce8e0d2ed1baf2b32fd69e55fa.jpeg?from=2064092626,0,5,1.76683E+12,0,,抖音,,,,,,配送时效,几百米 一家 陶德 砂锅 半小时 过去 骑手 距离 还有 三点 公里
7.58E+18,1764779069,重庆,7.58E+18,价格哪个平台便宜,58977762231,MS4wLjABAAAA8UGmj2kl5VXnYrejUCOCmV807bwNRNKFm_RuYuM51UI,7898414,shanshandenuo,,一只小糯叽,https://p3-pc.douyinpic.com/aweme/100x100/aweme-avatar/tos-cn-avt-0015_1d26ba0ccc693a3acd18b13f22c1cfd2.jpeg?from=2064092626,2,0,1.76683E+12,0,,抖音,,,,,,价格优惠,价格 平台 便宜
7.58E+18,1764678858,贵州,7.58E+18,其实因为骑手距离商家位置不同，而且骑手上的单量不同，有一些可能顺路，还要拿别的单  有一些可能只有这一单   所以也不是很准了,78253566988,MS4wLjABAAAA0ibglhlIMvVPLPbCp9L3_vilADK9yAgZoewZM-Pp8pY,579628568,,,窝趣不早说,https://p3-pc.douyinpic.com/aweme/100x100/aweme-avatar/tos-cn-i-0813c000-ce_ooEJIAEAexPpA0B0ZiBMfNPtOL2AOiAwn1OZCl.jpeg?from=2064092626,0,7,1.76683E+12,0,,抖音,,,,,,配送时效,其实 因为 骑手 距离 位置 不同 而且 骑手 单量 不同 一些 顺路 还要 别的 一些 这一单 所以 不是 很准
7.52E+18,1749819002,广西,7.49E+18,XX圈圈可拉,3.52E+15,MS4wLjABAAAA-fEDHgcHreURR23Z3Pe4r29-9SYYXl1I6N19-OqcC1dMod1geDfUnks1jRkYGM8Q,97742799262,97742799262,,小婷o v o,https://p3-pc.douyinpic.com/aweme/100x100/aweme-avatar/tos-cn-avt-0015_02e497b8764ccb9b8c7c689be4b2e8cd.jpeg?from=2064092626,0,1,1.76683E+12,0,,抖音,,,,,,平台体验,圈圈 可拉
6.92E+18,1610811950,,6.92E+18,现在大众点评已经没有vip优惠价了，20年12.30结束了,93366611660,MS4wLjABAAAAFSFgu6TyiuFPK7RwX78wcfDG6heuttmW0uJPxonrrRg,364652604,,,Jade🎄,https://p3-pc.douyinpic.com/aweme/100x100/aweme-avatar/tos-cn-avt-0015_86259287db8f1eaeeb29e5eb3bf40cb5.jpeg?from=2064092626,1,19,1.76683E+12,0,,抖音,,,,,,价格优惠,现在 大众 点评 已经 优惠价 结束
6.92E+18,1610200240,,6.92E+18,信用卡那个是真的便宜，我以前从来不知道，但我一个朋友就熟练运用信用卡打折或者领券啥的，我有一次跟她玩了两天我真的惊呆了，好多可以打6点几折7点几折,86773103047,MS4wLjABAAAAZRZGHRbfpf_NNUMUVucUX1sKBsA9QuwvJSBNKrMuL4A,207372417,,,上善若水，时光静好,https://p3-pc.douyinpic.com/aweme/100x100/aweme-avatar/tos-cn-i-0813c001_o4zRV7A7Ei89anAAUFzA1BUCfIGvNKAvgAOiDe.jpeg?from=2064092626,6,85,1.76683E+12,0,,抖音,,,,,,价格优惠,信用卡 真的 便宜 以前 从来不 知道 一个 朋友 熟练 运用 信用卡 打折 或者 领券 一次 两天 真的 惊呆 好多 可以 几折 几折
6.92E+18,1610259002,,6.92E+18,信用卡APP是啥,1.11E+11,MS4wLjABAAAABGwZh-i6Cg5r2COK_1Ecu5sq1XFO0DQD5RDpNQlejOk,2020081044,,,Lynn,https://p3-pc.douyinpic.com/aweme/100x100/aweme-avatar/mosaic-legacy_2cfa600060df70a84c8ab.jpeg?from=2064092626,2,4,1.76683E+12,0,,抖音,,,,,,其他内容,信用卡
6.92E+18,1610187391,,6.92E+18,就喜欢这种抠搜博主,79588905862,MS4wLjABAAAAHT1p7aSo6TOzmLS_2Vj3Qj9a9Kf5n8IAhm7m4jj25P0,959277433,,,嘿嘿,https://p3-pc.douyinpic.com/aweme/100x100/aweme-avatar/tos-cn-i-0813_a8ed20bcd9904b378056c80b0839790a.jpeg?from=2064092626,114,7252,1.76683E+12,0,,抖音,,,,,,其他内容,喜欢 这种 抠搜 博主
7.55E+18,1757047455,安徽,7.55E+18,不仅是省钱快乐，买到便宜东西的感觉很让人有成就感！,6.07E+14,MS4wLjABAAAA1Mb6Rq0stRUJu3l2Chh0ghgKG09Mlj4sInLs2Tz2frU,3944532508,dyra2r9hgrdt,,天空scm,https://p3-pc.douyinpic.com/aweme/100x100/aweme-avatar/tos-cn-i-0813_8bb42afafe5840ffb2e2ea4ec5dcde3a.jpeg?from=2064092626,11,2,1.76683E+12,0,,抖音,,,,,,价格优惠,不仅 省钱 快乐 便宜 东西 成就感
7.55E+18,1757253302,江苏,7.55E+18,我三家点下来有一说一 XX的履约率是最高的，基本上没有超时过，而且骑手不迷路,95518022428,MS4wLjABAAAANWhtSpwNSFxa39vKgtA7bV4oRWgUBvBeb24vugo8LI0,597417095,,,giotto,https://p3-pc.douyinpic.com/aweme/100x100/aweme-avatar/tos-cn-avt-0015_d3626d480d9b09d3e6f160c59a38ae75.jpeg?from=2064092626,1,0,1.76683E+12,0,,抖音,,,,,,配送时效,三家 下来 履约 最高 基本上 超时 而且 骑手 迷路
7.55E+18,1757014150,广东,7.55E+18,App都杀熟，新用户开始的红包都大点,1.11E+11,MS4wLjABAAAAf74kAZLqbu1VewWAbCX98DmcZFZUCn7Q6Nh1t0j71zY,2107157408,,,一夕,https://p3-pc.douyinpic.com/aweme/100x100/aweme-avatar/tos-cn-avt-0015_d7d3ae3ca6dda84c5e6df9bf8d63339c.jpeg?from=2064092626,10,16,1.76683E+12,0,,抖音,,,,,,价格优惠,杀熟 用户 开始 红包 大点
7.55E+18,1757030408,山东,7.55E+18,我就是小饭店的，外卖大站把我们小饭店都坑了，现在点外卖好多优惠都是我们商家补的，平台出的很少，真是买一单赔一单，不上还不行，,1.66E+15,MS4wLjABAAAAOZSNga-UXOQInOFz1KmGJ_ZQcf96_y5vYM0Jlw0OAuKe5Up4gjRF3ZBQujTfcDVA,91531760865,91531760865,,浪里白条,https://p3-pc.douyinpic.com/aweme/100x100/aweme-avatar/tos-cn-i-0813_ocnAEBAFJEAnA7AAy4BJk0IjtNHeDf0EapOOeT.jpeg?from=2064092626,3,1,1.76683E+12,0,,抖音,,,,,,平台体验,就是 饭店 大站 我们 饭店 现在 好多 优惠 我们 平台 真是 一单 赔一单 不行
7.55E+18,1757006478,天津,7.55E+18,XX配送费和包装费要比XX高，综合下来和XX差不多,9.35E+14,MS4wLjABAAAAXfHCY-jgkXZnoYYNiYmxeTCfsbssjWSRKNqx8WZLmZI,59895534027,59895534027,,廾匸……,https://p3-pc.douyinpic.com/aweme/100x100/aweme-avatar/tos-cn-i-0813_oQCBXCX9GIr7ANUAEnZg6pDuF6fAACPACQe7Ao.jpeg?from=2064092626,0,1,1.76683E+12,0,,抖音,,,,,,价格优惠,配送费 包装费 比高 综合 下来 差不多
7.55E+18,1757029579,河北,7.55E+18,你们狠狠的干，你们不干XX能有那么大的券吗？以前7块券都是爸爸了，现在都是15了,1.80E+13,MS4wLjABAAAAYCdLSmskhRsBb41FrjeLvxJ9mBf5jyqXs4BxTE784Ag,54652002931,let1245689012235,,李老师说球,https://p3-pc.douyinpic.com/aweme/100x100/aweme-avatar/tos-cn-i-0813_eb4c14eb04724672afc8599df19d5a59.jpeg?from=2064092626,0,0,1.76683E+12,0,,抖音,,,,,,价格优惠,你们 狠狠 你们 不干能 那么 以前 块券 爸爸 现在
7.55E+18,1757033128,黑龙江,7.55E+18,XX运费低吧 骑手接单慢。价格和补贴完的差不多,1.11E+11,MS4wLjABAAAA88cljwYqMQhmNS3m9KdMT2-ovsf1HK-YGtOnGTG3WCo,2010865912,,,小小康同学,https://p3-pc.douyinpic.com/aweme/100x100/aweme-avatar/tos-cn-i-0813_oYidmAeAEAAftICCAzAgb4OMDCiVrKwBRIFrq8.jpeg?from=2064092626,0,1,1.76683E+12,0,,抖音,,,,,,价格优惠,运费 骑手 接单 价格 补贴 差不多
7.55E+18,1757050987,辽宁,7.55E+18,XX现在确实便宜,68796179330,MS4wLjABAAAAF-U-wW_1mvapTPcOPT29ImOIuzagfmZs39O-1mvt80k,204502732,,,及川zi,https://p3-pc.douyinpic.com/aweme/100x100/aweme-avatar/tos-cn-i-0813c001_91fbcca820d94a178e2bcda61deafa6a.jpeg?from=2064092626,0,0,1.76683E+12,0,,抖音,,,,,,价格优惠,现在 便宜
7.53E+18,1753508450,上海,7.53E+18,怎么说吧，XX的饭菜质量也和正常一样，但是XX跟普通的外卖的区别就是：XX，外卖员一般会送的很慢，而且态度可能会有点差。我有次点XX，外卖员送到了，直接放在那里也不发消息，也不打电话。。。,4.49E+15,MS4wLjABAAAA-MrXskmWIw1oIPyy4cjtvEHPVpifRjSYSDqIbBFP07Xw2ovVDcRmJMHc0ctYFCsk,60960459362,60960459362,,李昀锐老婆,https://p3-pc.douyinpic.com/aweme/100x100/aweme-avatar/tos-cn-i-0813c001_oM9IgG5E8LAcAqyVRfDFAFhAIzEotsA5eAClDD.jpeg?from=2064092626,0,1,1.76683E+12,0,,抖音,,,,,,餐品质量,怎么 饭菜 质量 正常 一样 但是 普通 区别 就是 一般 很慢 而且 态度 有点 有次点 送到 直接 放在 那里 发消息 打电话
7.53E+18,1752906095,湖北,7.53E+18,认认真真看完了，也认认真真的评论了，活跃加油加油^_^ 大品牌，好品质，有保障真的很好用，非常满意，品质不错，质量好， 值得真心的确不错，非常满意，品质不错，质量好， 值得推荐,72598736436,MS4wLjABAAAAi1vn_s12VuVdYHRSIqfkAccJXm2i993b8Qv2bd6xUOo,4121147353,ruirui3467618,,星河未眠,https://p3-pc.douyinpic.com/aweme/100x100/aweme-avatar/tos-cn-i-0813_oYhxA1A2IIFIA5AB90MBvGDE7QfeGaAeAA5LD7.jpeg?from=2064092626,0,3,1.76683E+12,0,https://p3-sign.douyinpic.com/tos-cn-i-p14lwwcsbr/ed3524366396456787bb48ae65b54a79~tplv-p14lwwcsbr-7.image?lk3s=7b078dd2&x-expires=1766851200&x-signature=RKA%2BjuzeXKRfzmVXb8qnPDitnKY%3D&from=2064092626&se=false&sc=image&biz_tag=aweme_comment&l=20251227184927F198ED6ABAF1B6A4BC7A,抖音,,,,,,其他内容,认认真真 认认真真 评论 活跃 加油 加油 品牌 品质 保障 真的 非常 满意 品质 不错 质量 值得 真心 的确 不错 非常 满意 品质 不错 质量 值得 推荐
7.53E+18,1752944582,湖北,7.53E+18,XX买过两次不同商家，个人意见：便宜确实便宜很多，但是分量和质量比正常点外面差很多啊，正常点的外卖菜的分量是够吃的，XX菜分量少的可怜，菜吃几口就完了米饭还好多，而且味道不咋地，点了两次都是吃一半就丢了，再不点了，白送都不要,2.08E+15,MS4wLjABAAAAIfgB8SLC8hbVZUISDmVSoT_fb0himrTU-uhXF0ldz34xg7DZqO-zQIiwA7OzjwYj,4013944136,dym95m81tx1f,,知足常乐,https://p3-pc.douyinpic.com/aweme/100x100/aweme-avatar/tos-cn-avt-0015_f1c1ce584eb57af3101df138facdfa05.jpeg?from=2064092626,0,0,1.76683E+12,0,,抖音,,,,,,餐品质量,买过 两次 不同 个人 意见 便宜 便宜 很多 但是 分量 质量 正常 外面 很多 正常 分量 够吃 分量 可怜 几口 米饭 好多 而且 味道 地点 两次 一半 不点 白送 不要
5.24E+15,1765235097,广东,,哪家优惠我用哪家,3518216550,,,,,提升专注力ll,"https://tvax2.sinaimg.cn/crop.0.0.1080.1080.180/d1b3b966ly8i8crhl7qtij20u00u0jso.jpg?KID=imgbed,tva&Expires=1766839879&ssig=H%2Bx3jYCk2d",1,,1.76683E+12,5.24172E+15,,微博,2025-12-08 23:04:57+08:00,5.24E+15,0,f,https://m.weibo.cn/u/3518216550?launchid=10000360-page_H5,价格优惠,哪家 优惠 我用 哪家
5.24E+15,1765235111,湖北,,哈哈，，对那个便宜用那个,5863137134,,,,,香水_ay,"https://tvax4.sinaimg.cn/crop.0.0.1080.1080.180/006oN7NYly8i8hh5zshqtj30u00u0myz.jpg?KID=imgbed,tva&Expires=1766839879&ssig=%2BfW81WDkUC",0,,1.76683E+12,5.24172E+15,,微博,2025-12-08 23:05:11+08:00,5.24E+15,0,m,https://m.weibo.cn/u/5863137134?launchid=10000360-page_H5,价格优惠,便宜
5.24E+15,1765235090,广东,,哪个便宜用哪个,2653560164,,,,,小小Takumi,"https://tvax3.sinaimg.cn/crop.0.0.1080.1080.180/9e2a1d64ly8g8aok1c2h2j20u00u0n0d.jpg?KID=imgbed,tva&Expires=1766839879&ssig=EJ0izbxwOU",0,,1.76683E+12,5.24172E+15,,微博,2025-12-08 23:04:50+08:00,5.24E+15,0,m,https://m.weibo.cn/u/2653560164?launchid=10000360-page_H5,价格优惠,便宜
5.24E+15,1765235053,安徽,,谁便宜就选谁，挺开心的,5198200271,,,,,Erma-dandan,"https://tvax2.sinaimg.cn/crop.0.0.600.600.180/005FN7lRly8hjp5c35k58j30go0gojsq.jpg?KID=imgbed,tva&Expires=1766839879&ssig=YdIu60EqLF",0,,1.76683E+12,5.24172E+15,,微博,2025-12-08 23:04:13+08:00,5.24E+15,0,f,https://m.weibo.cn/u/5198200271?launchid=10000360-page_H5,价格优惠,便宜 开心
5.24E+15,1765235053,黑龙江,,薅羊毛太快乐啦~,6079322081,,,,,叛逆地行为艺术,"https://tvax1.sinaimg.cn/crop.0.0.511.511.180/006DqdnXly8hchr0k7dbuj30e70e774x.jpg?KID=imgbed,tva&Expires=1766839879&ssig=Xky5806WMG",0,,1.76683E+12,5.24172E+15,,微博,2025-12-08 23:04:13+08:00,5.24E+15,0,f,https://m.weibo.cn/u/6079322081?launchid=10000360-page_H5,价格优惠,羊毛 快乐
5.24E+15,1765208323,山东,,我好像钟爱XX,2091875377,,,,,抱着台账的小i,"https://tvax3.sinaimg.cn/crop.0.0.1080.1080.180/7caf7c31ly8i8nfkura8ej20u00u00vz.jpg?KID=imgbed,tva&Expires=1766839891&ssig=Fx%2FGN3dnqE",0,,1.76683E+12,5.24161E+15,,微博,2025-12-08 15:38:43+08:00,5.24E+15,0,f,https://m.weibo.cn/u/2091875377?launchid=10000360-page_H5,平台体验,好像 钟爱
5.24E+15,1765206259,湖南,,对，XX直接再淘宝里面，不用额外下app是最好的,2849356121,,,,,菠萝配盐水,"https://tvax4.sinaimg.cn/crop.0.0.1080.1080.180/a9d5b959ly8i0gfitmly4j20u00u041g.jpg?KID=imgbed,tva&Expires=1766839891&ssig=r4ppJLnfpx",0,,1.76683E+12,5.2416E+15,,微博,2025-12-08 15:04:19+08:00,5.24E+15,0,f,https://m.weibo.cn/u/2849356121?launchid=10000360-page_H5,其他内容,直接 淘宝 里面 不用 额外 最好
5.24E+15,1765191176,江苏,,一般会货比三家，看哪家便宜用哪家,3208188234,,,,,头发再掉就不友好了,"https://tvax4.sinaimg.cn/crop.0.0.1080.1080.180/bf39114aly8htl6kx0y05j20u00u0q4r.jpg?KID=imgbed,tva&Expires=1766839891&ssig=J7bgEonVcs",0,,1.76683E+12,5.24153E+15,,微博,2025-12-08 10:52:56+08:00,5.24E+15,0,f,https://m.weibo.cn/u/3208188234?launchid=10000360-page_H5,价格优惠,一般 货比三家 哪家 便宜 哪家
5.24E+15,1765189728,河南,,现在很少点，点了也是有活动便宜的话才会,2756919813,,,,,一条小锦鲤luck,"https://tva4.sinaimg.cn/crop.0.0.748.748.180/a4534205jw8ex428c0f4hj20ks0ksaay.jpg?KID=imgbed,tva&Expires=1766839891&ssig=Cou%2Bh4KQ66",0,,1.76683E+12,5.24153E+15,,微博,2025-12-08 10:28:48+08:00,5.24E+15,0,f,https://m.weibo.cn/u/2756919813?launchid=10000360-page_H5,价格优惠,现在 点点 活动 便宜 的话
5.24E+15,1765210223,湖北,,我也经常XX,3266775674,,,,,hi千语,"https://tvax1.sinaimg.cn/crop.0.0.1080.1080.180/c2b70a7aly8i7qlqlkk21j20u00u0gow.jpg?KID=imgbed,tva&Expires=1766839891&ssig=P3aiVehyCP",0,,1.76683E+12,5.24161E+15,,微博,2025-12-08 16:10:23+08:00,5.24E+15,0,f,https://m.weibo.cn/u/3266775674?launchid=10000360-page_H5,其他内容,经常
5.24E+15,1765302016,四川,,XX出外卖之前只用XX，天天都要用，XX外卖出来之后，只用XX，一天好几次,2710124330,,,,,双鱼座16,"https://tvax3.sinaimg.cn/crop.10.0.619.619.180/a189372aly8fjldmeohzpj20hs0h7wf2.jpg?KID=imgbed,tva&Expires=1766839891&ssig=T8IfpSeYwA",0,,1.76683E+12,5.242E+15,,微博,2025-12-09 17:40:16+08:00,5.24E+15,0,f,https://m.weibo.cn/u/2710124330?launchid=10000360-page_H5,平台体验,出外 之前 只用 天天 出来 之后 只用 几次
5.24E+15,1765222284,浙江,,以前我爱用XX，现在发现淘宝便宜，,6470478339,,,,,咕噜噜混世仙女,"https://tvax2.sinaimg.cn/crop.0.0.1080.1080.180/0073TsZRly8i6z4io29lxj30u00u00ug.jpg?KID=imgbed,tva&Expires=1766839891&ssig=Uj21rvvYtX",0,,1.76683E+12,5.24166E+15,,微博,2025-12-08 19:31:24+08:00,5.24E+15,0,f,https://m.weibo.cn/u/6470478339?launchid=10000360-page_H5,价格优惠,以前 我爱用 现在 发现 淘宝 便宜
5.24E+15,1765187066,广东,,"几个平台轮着用,哪个便宜点哪个!",1829271310,,,,,微包君,"https://tvax2.sinaimg.cn/crop.0.0.1080.1080.180/001ZNr1Yly8guznzc4wq1j60u00u042002.jpg?KID=imgbed,tva&Expires=1766839902&ssig=ipdh03pWhM",1,,1.76683E+12,5.24152E+15,,微博,2025-12-08 09:44:26+08:00,5.24E+15,0,f,https://m.weibo.cn/u/1829271310?launchid=10000360-page_H5,价格优惠,几个 平台 便宜
5.24E+15,1765195770,云南,,留在了XX是真的便宜,6070706834,,,,,洛梓ovo_,"https://tvax1.sinaimg.cn/crop.0.0.1080.1080.180/006CQ4amly8i4tkfa4w3ej30u00u0dif.jpg?KID=imgbed,tva&Expires=1766839902&ssig=gOsyiBhsh1",1,,1.76683E+12,5.24155E+15,,微博,2025-12-08 12:09:30+08:00,5.24E+15,0,f,https://m.weibo.cn/u/6070706834?launchid=10000360-page_H5,价格优惠,留在 真的 便宜
5.24E+15,1765187360,北京,,成年人不做选择，三个平台我都留。#外卖大战后你留在了哪个APP#,1777378675,,,,,么什什,"https://tvax3.sinaimg.cn/crop.0.0.1080.1080.180/69f0a573ly8hrux82we48j20u00u0jsi.jpg?KID=imgbed,tva&Expires=1766839902&ssig=XV8D0FQIr6",0,,1.76683E+12,5.24152E+15,,微博,2025-12-08 09:49:20+08:00,5.24E+15,1,m,https://m.weibo.cn/u/1777378675?launchid=10000360-page_H5,平台体验,成年人 选择 三个 平台 战后 留在
5.24E+15,1765187228,江苏,,我还是XX用的多,7593685633,,,,,元1003,"https://tvax1.sinaimg.cn/crop.0.0.1080.1080.180/008hUkwxly8i4mh9g99dej30u00u0go4.jpg?KID=imgbed,tva&Expires=1766839902&ssig=tltPqjLubo",0,,1.76683E+12,5.24152E+15,,微博,2025-12-08 09:47:08+08:00,5.24E+15,0,m,https://m.weibo.cn/u/7593685633?launchid=10000360-page_H5,其他内容,还是
5.24E+15,1765205947,内蒙古,,XX没有改成XX以前。就是比淘宝里的XX贵,3183150190,,,,,LEEXXHG,"https://tvax2.sinaimg.cn/crop.0.0.1006.1006.180/bdbb046ely8fzdbf4ilr4j20ry0ry0v6.jpg?KID=imgbed,tva&Expires=1766839913&ssig=g3W8uS%2FvhA",0,,1.76683E+12,5.2416E+15,,微博,2025-12-08 14:59:07+08:00,5.24E+15,0,m,https://m.weibo.cn/u/3183150190?launchid=10000360-page_H5,价格优惠,改成 以前 就是 淘宝
5.24E+15,1765204713,湖南,,用淘宝，然后XX。不怎么用XX，最贵，没优惠,1692563540,,,,,Hay海浪,"https://tvax1.sinaimg.cn/crop.0.0.1002.1002.180/64e27854ly8g631pnw74gj20ru0ruq6t.jpg?KID=imgbed,tva&Expires=1766839913&ssig=2b%2B52Di6HC",0,,1.76683E+12,5.24159E+15,,微博,2025-12-08 14:38:33+08:00,5.24E+15,0,m,https://m.weibo.cn/u/1692563540?launchid=10000360-page_H5,价格优惠,淘宝 然后 不怎么 最贵 优惠
5.24E+15,1765199791,四川,,一直是XX,2446423292,,,,,玛丽莲王庆福,"https://tvax4.sinaimg.cn/crop.0.0.512.512.180/91d174fcly8g2kffxasl8j20e80e8js3.jpg?KID=imgbed,tva&Expires=1766839913&ssig=mURnS1SHI3",0,,1.76683E+12,5.24157E+15,,微博,2025-12-08 13:16:31+08:00,5.24E+15,0,m,https://m.weibo.cn/u/2446423292?launchid=10000360-page_H5,其他内容,一直
5.24E+15,1765199441,浙江,,从淘宝的淘金币页面点XX还能叠加淘金币抵扣,7407017992,,,,,山雾迷航,"https://tvax4.sinaimg.cn/crop.0.0.1080.1080.180/0085h5K8ly8ho81h6p7gaj30u00u0jyt.jpg?KID=imgbed,tva&Expires=1766839913&ssig=KJ9kQZFXq0",0,,1.76683E+12,5.24157E+15,,微博,2025-12-08 13:10:41+08:00,5.24E+15,0,m,https://m.weibo.cn/u/7407017992?launchid=10000360-page_H5,价格优惠,淘宝 金币 页面 叠加 金币 抵扣
5.24E+15,1765199356,江苏,,XX。主要B站大会员每月都给XX券但每次不着急的话都会和XX比价，XX用的少，有时候会给我逆天大券,6118462492,,,,,进门不脱鞋,"https://tvax2.sinaimg.cn/crop.0.0.1080.1080.180/006G4rAUly8h23rryzedej30u00u0dib.jpg?KID=imgbed,tva&Expires=1766839913&ssig=%2B0PsNs%2BhYu",3,,1.76683E+12,5.24157E+15,,微博,2025-12-08 13:09:16+08:00,5.24E+15,0,m,https://m.weibo.cn/u/6118462492?launchid=10000360-page_H5,价格优惠,主要 会员 每月 每次 着急 的话 比价 天大
5.24E+15,1765232797,河北,,都有在用，哪个优惠用哪个,3854430238,,,,,YY如颖随行YY,"https://tvax1.sinaimg.cn/crop.0.0.959.959.180/e5bdf01ely8hamnr2obi2j20qn0qnjs5.jpg?KID=imgbed,tva&Expires=1766839925&ssig=uToGF97Vv%2F",0,,1.76683E+12,5.24171E+15,,微博,2025-12-08 22:26:37+08:00,5.24E+15,0,f,https://m.weibo.cn/u/3854430238?launchid=10000360-page_H5,价格优惠,优惠
5.24E+15,1765210604,黑龙江,,谁便宜就行,5055959629,,,,,乆橴羅蘭乀,"https://tva3.sinaimg.cn/crop.0.0.540.540.180/005wai3Xjw8ekr6aly2jaj30f00f0gm9.jpg?KID=imgbed,tva&Expires=1766839925&ssig=u4Amm2jFHH",0,,1.76683E+12,5.24161E+15,,微博,2025-12-08 16:16:44+08:00,5.24E+15,0,f,https://m.weibo.cn/u/5055959629?launchid=10000360-page_H5,价格优惠,便宜 就行
5.24E+15,1765191805,江苏,,&quot;巨头烧钱争市场，外卖选择看性价比。&quot;,5401207244,,,,,释情笺,"https://tvax3.sinaimg.cn/crop.0.0.996.996.180/005TwUJSly8hw21zlwazcj30ro0roq43.jpg?KID=imgbed,tva&Expires=1766839925&ssig=%2FJlhqzAYCG",0,,1.76683E+12,5.24154E+15,,微博,2025-12-08 11:03:25+08:00,5.24E+15,0,m,https://m.weibo.cn/u/5401207244?launchid=10000360-page_H5,价格优惠,巨头 烧钱 市场 选择 性价比
5.24E+15,1765191510,河南,,我不固定，哪个有优惠券用哪个,6689016176,,,,,科技柴说,"https://tvax1.sinaimg.cn/crop.0.0.1002.1002.180/007iGqFGly8g6monr99pyj30ru0ruaan.jpg?KID=imgbed,tva&Expires=1766839936&ssig=Dr7WqHlMCX",0,,1.76683E+12,5.24153E+15,,微博,2025-12-08 10:58:30+08:00,5.24E+15,8,m,https://m.weibo.cn/u/6689016176?launchid=10000360-page_H5,价格优惠,固定 优惠券
5.24E+15,1765187807,辽宁,,县城这边就是XX,1048027274,,,,,信海云天,"https://tvax4.sinaimg.cn/crop.0.0.640.640.180/3e77a08aly8hdh2rtkjfxj20hs0hsmy8.jpg?KID=imgbed,tva&Expires=1766839936&ssig=gT%2BV6ZZzIB",1,,1.76683E+12,5.24152E+15,,微博,2025-12-08 09:56:47+08:00,5.24E+15,9,m,https://m.weibo.cn/u/1048027274?launchid=10000360-page_H5,其他内容,县城 这边 就是
5.24E+15,1765188397,福建,,XX最优惠了,2875143642,,,,,冰奶绿冰奶绿,"https://tvax1.sinaimg.cn/crop.0.0.1080.1080.180/ab5f35daly8i42asvahq8j20u00u0q4o.jpg?KID=imgbed,tva&Expires=1766839936&ssig=vmsX1G9mxg",0,,1.76683E+12,5.24152E+15,,微博,2025-12-08 10:06:37+08:00,5.24E+15,10,f,https://m.weibo.cn/u/2875143642?launchid=10000360-page_H5,价格优惠,优惠
5.24E+15,1765198668,广西,,东东贵，阿淘优惠券多，但很多人只认XX是因为用惯了,5178372475,,,,,冰灵千山暮雪,"https://tvax1.sinaimg.cn/crop.0.0.640.640.180/005ErVeHly8i0seogzwn7j30hs0hsdh9.jpg?KID=imgbed,tva&Expires=1766839936&ssig=Y7v9DRpQSI",0,,1.76683E+12,5.24156E+15,,微博,2025-12-08 12:57:48+08:00,5.24E+15,1,f,https://m.weibo.cn/u/5178372475?launchid=10000360-page_H5,平台体验,东东 优惠券 很多 只认 是因为 用惯
5.24E+15,1765192577,辽宁,,我觉得那个便宜选哪个，都点外卖了你说呢,5852153712,,,,,数码科技梦工厂,"https://tvax1.sinaimg.cn/crop.0.0.1080.1080.180/006o32w0ly8h6vfuapapmj30u00u0tcy.jpg?KID=imgbed,tva&Expires=1766839936&ssig=7iUJuZ95du",0,,1.76683E+12,5.24154E+15,,微博,2025-12-08 11:16:17+08:00,5.24E+15,0,m,https://m.weibo.cn/u/5852153712?launchid=10000360-page_H5,价格优惠,觉得 便宜
5.24E+15,1765189313,浙江,,我基本上都是用XX点的,2695192893,,,,,Carine小瓶子,"https://tvax4.sinaimg.cn/crop.0.0.750.750.180/a0a5613dly8gktnoujxp2j20ku0kuju9.jpg?KID=imgbed,tva&Expires=1766839936&ssig=5Wn7K4qx3p",1,,1.76683E+12,5.24153E+15,,微博,2025-12-08 10:21:53+08:00,5.24E+15,3,f,https://m.weibo.cn/u/2695192893?launchid=10000360-page_H5,其他内容,基本上 用点
5.24E+15,1765188597,湖北,,我是没点过外卖，个人觉得XX最受欢迎,6068083919,,,,,夏凉方童,"https://tvax3.sinaimg.cn/crop.0.0.996.996.180/006CF3Phly8ghup9cilr4j30ro0roq4l.jpg?KID=imgbed,tva&Expires=1766839936&ssig=X3HfCte97e",1,,1.76683E+12,5.24152E+15,,微博,2025-12-08 10:09:57+08:00,5.24E+15,3,f,https://m.weibo.cn/u/6068083919?launchid=10000360-page_H5,其他内容,没点 个人 觉得 受欢迎
5.24E+15,1765190643,浙江,,基本上都是XX的，XX偶尔点一次，XX几乎不点,7575935920,,,,,一只飞天的小青蛙,"https://tvax4.sinaimg.cn/crop.0.0.1024.1024.180/008gHR0Qly8i3m2f8y7jmj30sg0sgq5r.jpg?KID=imgbed,tva&Expires=1766839936&ssig=BBQcLYvgSa",0,,1.76683E+12,5.24153E+15,,微博,2025-12-08 10:44:03+08:00,5.24E+15,4,f,https://m.weibo.cn/u/7575935920?launchid=10000360-page_H5,平台体验,基本上 偶尔 一次 几乎
5.24E+15,1765209680,天津,,我都用，就看谁的优惠多了，现在一般是在用XX,3570607227,,,,,hahahoney,"https://tva4.sinaimg.cn/crop.63.151.648.648.180/d4d3247bjw1f3y4q4i8d9j20mi0u0gzo.jpg?KID=imgbed,tva&Expires=1766839936&ssig=eVz2xrjfjJ",1,,1.76683E+12,5.24161E+15,,微博,2025-12-08 16:01:20+08:00,5.24E+15,1,m,https://m.weibo.cn/u/3570607227?launchid=10000360-page_H5,价格优惠,优惠 现在 一般
5.24E+15,1765215597,广西,,我一直在XX或者XX,6086374635,,,,,唯美视觉集,"https://tvax1.sinaimg.cn/crop.0.0.1080.1080.180/006DTO4Ply8i6ahhv9279j30u00u040m.jpg?KID=imgbed,tva&Expires=1766840040&ssig=tRurYD6WPY",0,,1.76683E+12,5.24164E+15,,微博,2025-12-08 17:39:57+08:00,5.24E+15,0,f,https://m.weibo.cn/u/6086374635?launchid=10000360-page_H5,平台体验,一直 或者
5.25E+15,1766601056,江苏,,真的太无语了，XX用了好多年XX平均点两三单外卖还有打车，等级出来以后一直是黑钻二，结果莫名其妙点个外卖就显示网络问题，至今没解决,5113666984,,,,,#NAME?,"https://tvax4.sinaimg.cn/crop.6.0.1230.1230.180/005A4qnKly8fkepbys6g5j30yi0y6div.jpg?KID=imgbed,tva&Expires=1766840040&ssig=Mh%2BOpk8IHY",0,,1.76683E+12,5.24745E+15,,微博,2025-12-24 18:30:56+08:00,5.24E+15,0,f,https://m.weibo.cn/u/5113666984?launchid=10000360-page_H5,平台体验,真的 太无语 好多年 平均 两三 还有 打车 等级 出来 一直 结果 莫名其妙 点个 显示 网络 问题 至今 解决
5.24E+15,1765322901,北京,,谁红包多用谁,5695563926,,,,,白泽宫,"https://tvax4.sinaimg.cn/crop.0.0.1080.1080.180/006ds0mily1gzb4xlnlezj30u00u076a.jpg?KID=imgbed,tva&Expires=1766840040&ssig=URPl9QeJ4W",0,,1.76683E+12,5.24209E+15,,微博,2025-12-09 23:28:21+08:00,5.24E+15,0,m,https://m.weibo.cn/u/5695563926?launchid=10000360-page_H5,价格优惠,红包 多用
5.24E+15,1765215636,重庆,,自从用了XX，就没用过其他,6077700034,,,,,天刚刚亮了呀,"https://tvax2.sinaimg.cn/crop.0.0.512.512.180/006DjppUly8hr2obmb5unj30e80e80t3.jpg?KID=imgbed,tva&Expires=1766840040&ssig=ELdPqRDTW%2B",0,,1.76683E+12,5.24164E+15,,微博,2025-12-08 17:40:36+08:00,5.24E+15,0,f,https://m.weibo.cn/u/6077700034?launchid=10000360-page_H5,平台体验,自从 没用过 其他
5.24E+15,1765228834,河北,,哈哈哈我用支付宝里的，它直接跳转XX,6098192417,,,,,右右妈妈_,"https://tvax2.sinaimg.cn/crop.0.0.1080.1080.180/006EHoqdly8i7xo0f7ia9j30u00u0dna.jpg?KID=imgbed,tva&Expires=1766840051&ssig=sS8Y2XFZdN",0,,1.76683E+12,5.24169E+15,,微博,2025-12-08 21:20:34+08:00,5.24E+15,0,f,https://m.weibo.cn/u/6098192417?launchid=10000360-page_H5,其他内容,哈哈哈 我用 支付宝 直接 跳转
5.24E+15,1765213031,安徽,,好主意，我现在用XX，不过我点外卖不多,5634948941,,,,,心诚则灵境,"https://tvax4.sinaimg.cn/crop.0.0.1080.1080.180/0069lFDfly8i5htck7t0sj30u00u0wgy.jpg?KID=imgbed,tva&Expires=1766840051&ssig=OppNcYJ1AS",0,,1.76683E+12,5.24162E+15,,微博,2025-12-08 16:57:11+08:00,5.24E+15,0,f,https://m.weibo.cn/u/5634948941?launchid=10000360-page_H5,平台体验,主意 现在 不过 我点
5.24E+15,1765207503,山东,,感觉这一波，淘宝赢最多。XX本来都不用了，这一波给复活了,1645403682,,,,,江小贤Miro,"https://tva2.sinaimg.cn/crop.0.0.1080.1080.180/6212de22jw8ev7ox5f7q7j20u00u0myc.jpg?KID=imgbed,tva&Expires=1766840062&ssig=kE%2BI%2FsveDL",3,,1.76683E+12,5.2416E+15,,微博,2025-12-08 15:25:03+08:00,5.24E+15,0,m,https://m.weibo.cn/u/1645403682?launchid=10000360-page_H5,价格优惠,这一波 淘宝 本来 不用 一波 复活
5.24E+15,1765202305,浙江,,用淘宝里的XX,7415130042,,,,,回到南疆,"https://tvax1.sinaimg.cn/crop.400.218.861.861.180/0085P83Ely8gdh1149ybrj31730u0jua.jpg?KID=imgbed,tva&Expires=1766840062&ssig=4EClpDFDoH",0,,1.76683E+12,5.24158E+15,,微博,2025-12-08 13:58:25+08:00,5.24E+15,1,m,https://m.weibo.cn/u/7415130042?launchid=10000360-page_H5,价格优惠,淘宝
5.24E+15,1765201462,山东,,现在点外卖把三家先都看一遍，谁家便宜就用谁家,7185358680,,,,,Liam_-,"https://tvax2.sinaimg.cn/crop.0.0.844.844.180/007Qh21Wly8hyd9l5qmm7j30ng0ng0uy.jpg?KID=imgbed,tva&Expires=1766840062&ssig=koxncNEf1r",0,,1.76683E+12,5.24158E+15,,微博,2025-12-08 13:44:22+08:00,5.24E+15,0,m,https://m.weibo.cn/u/7185358680?launchid=10000360-page_H5,价格优惠,现在 三家 看一遍 谁家 便宜 谁家
5.24E+15,1765215568,山东,,同样是点超意兴，XX菜比那两家少送的还慢而且也没便宜多少,5671669543,,,,,大明杨士奇,"https://tvax1.sinaimg.cn/crop.0.0.996.996.180/006bPKl1ly8fxiavlwdlcj30ro0roq5d.jpg?KID=imgbed,tva&Expires=1766840087&ssig=SHSGzTULAE",1,,1.76683E+12,5.24164E+15,,微博,2025-12-08 17:39:28+08:00,5.24E+15,0,m,https://m.weibo.cn/u/5671669543?launchid=10000360-page_H5,价格优惠,同样 意兴 两家 少送 而且 便宜 多少
5.24E+15,1765198462,江西,,XX多一些，XX很少，XX只有搞活动那会会用，XX商家和骑手多一些,6048015636,,,,,自如评测,"https://tvax1.sinaimg.cn/crop.0.0.1080.1080.180/006BiR9ily8g8vhbhbwdxj30u00u0ds0.jpg?KID=imgbed,tva&Expires=1766840087&ssig=VIdz5neLdS",1,,1.76683E+12,5.24156E+15,,微博,2025-12-08 12:54:22+08:00,5.24E+15,1,m,https://m.weibo.cn/u/6048015636?launchid=10000360-page_H5,配送时效,多一些 活动 那会会 骑手 多一些
5.24E+15,1765202091,北京,,因为我平时都是在XX买菜买肉，平时几乎不点外卖，所以很少用XX，也发现XX比较贵，也就会偶然用XX外卖。,2675110171,,,,,便利店的寿司,"https://tvax3.sinaimg.cn/crop.0.108.650.650.180/9f72f11bly8hprm4ytehgj20i20o3wev.jpg?KID=imgbed,tva&Expires=1766840087&ssig=42tt3rOHp1",0,,1.76683E+12,5.24158E+15,,微博,2025-12-08 13:54:51+08:00,5.24E+15,0,m,https://m.weibo.cn/u/2675110171?launchid=10000360-page_H5,配送时效,因为 平时 买菜 买肉 平时 几乎 所以 发现 比较 偶然
5.24E+15,1765206695,浙江,,XX只有9.9两杯瑞幸的时候才会去买,1651332143,,,,,启真湖的鱼,"https://tva3.sinaimg.cn/crop.0.0.640.640.180/626d542fjw8ehy8i5mh3tj20hs0hs0tm.jpg?KID=imgbed,tva&Expires=1766840087&ssig=Q0JZTpFcy9",0,,1.76683E+12,5.2416E+15,,微博,2025-12-08 15:11:35+08:00,5.24E+15,0,m,https://m.weibo.cn/u/1651332143?launchid=10000360-page_H5,配送时效,两杯 瑞幸 时候
5.24E+15,1765198020,江西,,但最终应该会留在XX或者XX吧，XX也太太太太贵了，同样的东西贵十几块钱,6522144746,,,,,一桶泡面叉,"https://tvax4.sinaimg.cn/crop.0.0.1080.1080.180/0077ofN0ly8hvzwri8p2oj30u00u0wl4.jpg?KID=imgbed,tva&Expires=1766840098&ssig=OupvtFZtCK",0,,1.76683E+12,5.24156E+15,,微博,2025-12-08 12:47:00+08:00,5.24E+15,0,f,https://m.weibo.cn/u/6522144746?launchid=10000360-page_H5,配送时效,最终 应该 留在 或者 太太 太太 同样 东西 十几块
5.24E+15,1765193560,四川,,爱用支付宝，后面用了淘宝还挺便宜的,5187745127,,,,,只要长的帅的我都搞,"https://tvax4.sinaimg.cn/crop.0.0.1023.1023.180/005F5fuvly8i2kv7qu559j30sg0sfmze.jpg?KID=imgbed,tva&Expires=1766840110&ssig=M%2FTa1fIBdF",0,,1.76683E+12,5.24154E+15,,微博,2025-12-08 11:32:40+08:00,5.24E+15,4,f,https://m.weibo.cn/u/5187745127?launchid=10000360-page_H5,价格优惠,支付宝 后面 淘宝 便宜
5.24E+15,1765193418,AI罗伯特聪明版,,我一般看哪家送得快，毕竟饿得前胸贴后背的时候，每一秒都是煎熬～,5762999670,,,,,评论罗伯特,"https://tvax1.sinaimg.cn/crop.0.0.1080.1080.180/006i0XtAly8i679f62kbej30u00u0gnq.jpg?KID=imgbed,tva&Expires=1766840110&ssig=4PT2%2BCX4be",0,,1.76683E+12,5.24154E+15,,微博,2025-12-08 11:30:18+08:00,5.24E+15,4,f,https://m.weibo.cn/u/5762999670?launchid=10000360-page_H5,配送时效,一般 哪家 送得 毕竟 饿得 前胸 后背 时候 每一秒 煎熬
5.24E+15,1765199036,河南,,XX用的比较多,7909262576,,,,,寻一缕清风-梦,"https://tvax3.sinaimg.cn/crop.0.0.180.180.180/008Dgsvely8i1zq7t5qitj3050050a9z.jpg?KID=imgbed,tva&Expires=1766840110&ssig=766oyqw94P",0,,1.76683E+12,5.24157E+15,,微博,2025-12-08 13:03:56+08:00,5.24E+15,4,f,https://m.weibo.cn/u/7909262576?launchid=10000360-page_H5,配送时效,比较
5.24E+15,1765194180,广东,,我们这边XX用的最多,7901658156,,,,,陌生的友好_,"https://tvax3.sinaimg.cn/crop.0.0.1080.1080.180/008CKyfily8i4snnjy08ej30u00u0q54.jpg?KID=imgbed,tva&Expires=1766840110&ssig=rxCrBnYzhZ",0,,1.76683E+12,5.24155E+15,,微博,2025-12-08 11:43:00+08:00,5.24E+15,4,f,https://m.weibo.cn/u/7901658156?launchid=10000360-page_H5,配送时效,我们 这边
5.24E+15,1765193768,四川,,不怎么点呢外卖没堂食好吃,7285327957,,,,,花好月沅夜,"https://tvax3.sinaimg.cn/crop.0.0.1080.1080.180/007X2uBDly8i8pko8wranj30u00u00um.jpg?KID=imgbed,tva&Expires=1766840110&ssig=dqxv2Gyzb%2B",0,,1.76683E+12,5.24154E+15,,微博,2025-12-08 11:36:08+08:00,5.24E+15,4,m,https://m.weibo.cn/u/7285327957?launchid=10000360-page_H5,餐品质量,不怎么 没堂 好吃
5.24E+15,1765193594,广东,,平时用XX外卖比较多,2081152045,,,,,热爱冲浪的冬瓜薏米煲鸭,"https://tvax3.sinaimg.cn/crop.0.0.1024.1024.180/7c0bdc2dly8i7saq0vyl4j20sg0sg40v.jpg?KID=imgbed,tva&Expires=1766840110&ssig=KpMu3OIDbF",0,,1.76683E+12,5.24154E+15,,微博,2025-12-08 11:33:14+08:00,5.24E+15,4,f,https://m.weibo.cn/u/2081152045?launchid=10000360-page_H5,平台体验,平时 比较
5.24E+15,1765193528,四川,,不知道，我一般有时候都是直接用XX，他们说哪里便宜我就往哪里走,7825612772,,,,,冷凌199005,"https://tvax1.sinaimg.cn/crop.0.0.1080.1080.180/008xBtmQly8hbw9qixh2hj30u00u0wii.jpg?KID=imgbed,tva&Expires=1766840110&ssig=amSpsxiSZ2",0,,1.76683E+12,5.24154E+15,,微博,2025-12-08 11:32:08+08:00,5.24E+15,4,m,https://m.weibo.cn/u/7825612772?launchid=10000360-page_H5,价格优惠,知道 一般 直接 他们 哪里 便宜 哪里
5.24E+15,1765221767,天津,,我也是，先比价，但大多数是XX,2603286090,,,,,左岸Lucky_lucky,"https://tvax3.sinaimg.cn/crop.0.0.1080.1080.180/9b2afe4aly8i7cteht9rhj20u00u0gp2.jpg?KID=imgbed,tva&Expires=1766840144&ssig=O90dBFslEw",0,,1.76683E+12,5.24166E+15,,微博,2025-12-08 19:22:47+08:00,5.24E+15,1,f,https://m.weibo.cn/u/2603286090?launchid=10000360-page_H5,价格优惠,比价 大多数
5.24E+15,1765210134,河北,,反正我不怎么用XX了,6376797744,,,,,赵晶136533,"https://tvax2.sinaimg.cn/crop.0.0.1080.1080.180/006Xyoowly8i6gp4z7hhqj30u00u1406.jpg?KID=imgbed,tva&Expires=1766840144&ssig=MuJXIll8%2Fp",0,,1.76683E+12,5.24161E+15,,微博,2025-12-08 16:08:54+08:00,5.24E+15,1,f,https://m.weibo.cn/u/6376797744?launchid=10000360-page_H5,平台体验,反正 不怎么
5.24E+15,1765197870,广东,,可能还是XX更多吧,7337305081,,,,,是菜菜的媛子吖_,"https://tvax3.sinaimg.cn/crop.0.0.1000.1000.180/0080yAelly8i6j9rgku0dj30rs0rsq51.jpg?KID=imgbed,tva&Expires=1766840144&ssig=J1gsksz4bn",0,,1.76683E+12,5.24156E+15,,微博,2025-12-08 12:44:30+08:00,5.24E+15,1,f,https://m.weibo.cn/u/7337305081?launchid=10000360-page_H5,平台体验,还是
5.24E+15,1765196499,山东,,以前只用XX，现在不知道了。,7079856351,,,,,咖啡奶茶和我,"https://tvax2.sinaimg.cn/crop.0.0.1080.1080.180/007J8m3tly8i71hy35ak2j30u00u043m.jpg?KID=imgbed,tva&Expires=1766840144&ssig=xMgIZSEX09",0,,1.76683E+12,5.24156E+15,,微博,2025-12-08 12:21:39+08:00,5.24E+15,1,f,https://m.weibo.cn/u/7079856351?launchid=10000360-page_H5,平台体验,以前 只用 现在 知道
5.24E+15,1765233951,江苏,,我也是！谁优惠买谁,5058915371,,,,,大瑶小玥,"https://tvax2.sinaimg.cn/crop.0.0.1080.1080.180/005wmGZdly8i68uglkoryj30u00u0ad8.jpg?KID=imgbed,tva&Expires=1766840156&ssig=8d9HyNO2uk",0,,1.76683E+12,5.24171E+15,,微博,2025-12-08 22:45:51+08:00,5.24E+15,0,f,https://m.weibo.cn/u/5058915371?launchid=10000360-page_H5,价格优惠,优惠
5.24E+15,1765226040,安徽,,哪个便宜买哪个，我也是外卖买药，自己选比较自由,3647802634,,,,,55_乐乐,"https://tvax3.sinaimg.cn/crop.0.0.1080.1080.180/d96d0d0aly8i52z1l8ba3j20u00u0tc8.jpg?KID=imgbed,tva&Expires=1766840156&ssig=18uOzbsEoa",0,,1.76683E+12,5.24168E+15,,微博,2025-12-08 20:34:00+08:00,5.24E+15,0,f,https://m.weibo.cn/u/3647802634?launchid=10000360-page_H5,价格优惠,便宜 买药 自己 比较 自由
5.24E+15,1765224248,福建,,我也很少点外卖，感觉也不便宜,2109801730,,,,,伊之若冰verylucky,"https://tvax2.sinaimg.cn/crop.0.0.179.179.180/7dc10502ly8gdjarcsll5j204z04z0t9.jpg?KID=imgbed,tva&Expires=1766840156&ssig=BL%2FPRsqmNj",0,,1.76683E+12,5.24167E+15,,微博,2025-12-08 20:04:08+08:00,5.24E+15,0,f,https://m.weibo.cn/u/2109801730?launchid=10000360-page_H5,价格优惠,便宜
5.24E+15,1765210116,河北,,我留在了淘宝和XX,6376797744,,,,,赵晶136533,"https://tvax2.sinaimg.cn/crop.0.0.1080.1080.180/006Xyoowly8i6gp4z7hhqj30u00u1406.jpg?KID=imgbed,tva&Expires=1766840156&ssig=fj50HE4jru",0,,1.76683E+12,5.24161E+15,,微博,2025-12-08 16:08:36+08:00,5.24E+15,0,f,https://m.weibo.cn/u/6376797744?launchid=10000360-page_H5,价格优惠,留在 淘宝
5.24E+15,1765199780,河南,,以后是不是XX更方便？毕竟大部分人手机上都有淘宝,3305097885,,,,,lucky小米嘎,"https://tvax4.sinaimg.cn/crop.0.0.1080.1080.180/c4ffca9dly8i7npg6gd2wj20u00u0grc.jpg?KID=imgbed,tva&Expires=1766840156&ssig=m13Fh3%2BJ32",0,,1.76683E+12,5.24157E+15,,微博,2025-12-08 13:16:20+08:00,5.24E+15,0,f,https://m.weibo.cn/u/3305097885?launchid=10000360-page_H5,价格优惠,是不是 方便 毕竟 大部分 手机 淘宝
5.24E+15,1765196479,山东,,我只喜欢用XX,7079856351,,,,,咖啡奶茶和我,"https://tvax2.sinaimg.cn/crop.0.0.1080.1080.180/007J8m3tly8i71hy35ak2j30u00u043m.jpg?KID=imgbed,tva&Expires=1766840156&ssig=dv2iLfYq3r",0,,1.76683E+12,5.24156E+15,,微博,2025-12-08 12:21:19+08:00,5.24E+15,0,f,https://m.weibo.cn/u/7079856351?launchid=10000360-page_H5,配送时效,喜欢
5.24E+15,1765197004,四川,,确实线上买药便宜。如果不着急，快递寄的药更便宜,7791420411,,,,,verylucky行陌栖林,"https://tvax3.sinaimg.cn/crop.0.0.440.440.180/008vi0n9ly8i6dkj9bidwj30c80c8mx6.jpg?KID=imgbed,tva&Expires=1766840156&ssig=flbSwB9LjM",0,,1.76683E+12,5.24156E+15,,微博,2025-12-08 12:30:04+08:00,5.24E+15,0,f,https://m.weibo.cn/u/7791420411?launchid=10000360-page_H5,价格优惠,线上 买药 便宜 如果 着急 快递 便宜
5.24E+15,1765100783,四川,,哪家优惠多，我就留哪家。,2609439217,,,,,大米饭多吃点,"https://tvax4.sinaimg.cn/crop.0.0.1080.1080.180/9b88e1f1ly8i802gnm7xbj20u00u0n23.jpg?KID=imgbed,tva&Expires=1766840371&ssig=SPxYJDWCHs",1,,1.76683E+12,5.24115E+15,,微博,2025-12-07 09:46:23+08:00,5.24E+15,59,f,https://m.weibo.cn/u/2609439217?launchid=10000360-page_H5,价格优惠,哪家 优惠 哪家
5.24E+15,1765191168,山西,,XX，每天优惠券太多了,6857366581,,,,,11111111111111白,"https://tvax2.sinaimg.cn/crop.0.0.1080.1080.180/007u4OiNly8h4c1kfe7x9j30u00u046i.jpg?KID=imgbed,tva&Expires=1766840371&ssig=RRSsZEUdBt",0,,1.76683E+12,5.24153E+15,,微博,2025-12-08 10:52:48+08:00,5.24E+15,6,m,https://m.weibo.cn/u/6857366581?launchid=10000360-page_H5,配送时效,每天 优惠券 太多
5.24E+15,1765204005,广东,,哪家优惠多，我就留哪家,6535105254,,,,,华尔财经,"https://tvax4.sinaimg.cn/crop.3.0.584.584.180/0078gDpsly8fqzf836w39j30gc0gcju8.jpg?KID=imgbed,tva&Expires=1766840371&ssig=QnNqIQa3GQ",0,,1.76683E+12,5.24159E+15,,微博,2025-12-08 14:26:45+08:00,5.24E+15,0,m,https://m.weibo.cn/u/6535105254?launchid=10000360-page_H5,价格优惠,哪家 优惠 哪家
5.24E+15,1765193165,AI罗伯特贱萌版,,我一般看哪家给的红包多选哪家，毕竟省钱就是赚钱嘛~,5762999670,,,,,评论罗伯特,"https://tvax1.sinaimg.cn/crop.0.0.1080.1080.180/006i0XtAly8i679f62kbej30u00u0gnq.jpg?KID=imgbed,tva&Expires=1766840429&ssig=K0i8fqTFCr",0,,1.76683E+12,5.24154E+15,,微博,2025-12-08 11:26:05+08:00,5.24E+15,0,f,https://m.weibo.cn/u/5762999670?launchid=10000360-page_H5,配送时效,一般 哪家 红包 多选 哪家 毕竟 省钱 就是 赚钱
5.24E+15,1765191587,江西,,XX，XX用的多，XX用的少了。,6434630653,,,,,awesome科技,"https://tvax3.sinaimg.cn/crop.0.0.512.512.180/0071t3nnly8hlitdi6748j30e80e8jsb.jpg?KID=imgbed,tva&Expires=1766840528&ssig=YKA4Q5VTTc",10,,1.76683E+12,5.24153E+15,,微博,2025-12-08 10:59:47+08:00,5.24E+15,20,m,https://m.weibo.cn/u/6434630653?launchid=10000360-page_H5,配送时效,多用
5.24E+15,1765222833,山东,,留在了XX，因为88会员,5242334774,,,,,蜉蝣mayfly-ephemeros,"https://tvax2.sinaimg.cn/crop.0.0.1080.1080.180/005IMiKGly8i6yr2hb6yoj30u00u0n0a.jpg?KID=imgbed,tva&Expires=1766840585&ssig=Kd%2B8P3Un4h",0,,1.76683E+12,5.24167E+15,,微博,2025-12-08 19:40:33+08:00,5.24E+15,0,f,https://m.weibo.cn/u/5242334774?launchid=10000360-page_H5,配送时效,留在 因为 会员
5.24E+15,1765222832,广东,,货比三家，哪家优惠点哪家,5526144420,,,,,原来是繁星啊-,"https://tvax3.sinaimg.cn/crop.0.0.1080.1080.180/0061Z8BCly8i8fv0q1w5tj30u00u0q3z.jpg?KID=imgbed,tva&Expires=1766840585&ssig=f%2BXVnYc%2Fon",0,,1.76683E+12,5.24167E+15,,微博,2025-12-08 19:40:32+08:00,5.24E+15,0,f,https://m.weibo.cn/u/5526144420?launchid=10000360-page_H5,价格优惠,货比三家 哪家 优惠 哪家
5.24E+15,1765211050,江苏,,很少点外卖，用就是XX,6116442262,,,,,甜晓米呀,"https://tvax4.sinaimg.cn/crop.0.0.960.960.180/006FVY2yly8hicpaajf9xj30qo0qogo6.jpg?KID=imgbed,tva&Expires=1766840585&ssig=SOGSECX%2Bwc",0,,1.76683E+12,5.24162E+15,,微博,2025-12-08 16:24:10+08:00,5.24E+15,0,f,https://m.weibo.cn/u/6116442262?launchid=10000360-page_H5,配送时效,就是
5.24E+15,1765205248,湖北,,哪里优惠在哪里，不过XX多,2430789902,,,,,rurupeng,"https://tvax2.sinaimg.cn/crop.0.187.1080.1080.180/90e2e90ely8i7vi8243wsj20u014ejsi.jpg?KID=imgbed,tva&Expires=1766840585&ssig=csb25dI%2FoN",0,,1.76683E+12,5.24159E+15,,微博,2025-12-08 14:47:28+08:00,5.24E+15,0,f,https://m.weibo.cn/u/2430789902?launchid=10000360-page_H5,配送时效,哪里 优惠 哪里 不过
5.24E+15,1765202478,河北,,我一直用的XX,7387706312,,,,,麦冬花很幸运,"https://tvax3.sinaimg.cn/crop.0.1.1078.1078.180/0083Y3Tqly8i6npo0xug1j30ty0u0dhz.jpg?KID=imgbed,tva&Expires=1766840585&ssig=hZrNpbzQxf",0,,1.76683E+12,5.24158E+15,,微博,2025-12-08 14:01:18+08:00,5.24E+15,0,f,https://m.weibo.cn/u/7387706312?launchid=10000360-page_H5,配送时效,一直
5.24E+15,1765214273,河北,,点外卖不多，常用淘宝和XX，就留下来了,2110397411,,,,,虫二_lucky,"https://tvax1.sinaimg.cn/crop.0.0.1080.1080.180/7dca1be3ly8i6prlbk8rvj20u00u0ta4.jpg?KID=imgbed,tva&Expires=1766840585&ssig=KXUe3y%2BUoh",0,,1.76683E+12,5.24163E+15,,微博,2025-12-08 17:17:53+08:00,5.24E+15,0,f,https://m.weibo.cn/u/2110397411?launchid=10000360-page_H5,价格优惠,常用 淘宝 留下来
5.24E+15,1765210376,贵州,,我家门口的汉堡，经常外卖用券下来比店里便宜，我们都是点外卖了,2805295674,,,,,快乐忧伤_一念之间,"https://tvax2.sinaimg.cn/crop.0.625.1080.1080.180/a7356a3aly8i81gd67bu2j20u01srgr6.jpg?KID=imgbed,tva&Expires=1766840585&ssig=oRqjJjOSaL",0,,1.76683E+12,5.24161E+15,,微博,2025-12-08 16:12:56+08:00,5.24E+15,0,f,https://m.weibo.cn/u/2805295674?launchid=10000360-page_H5,价格优惠,家门口 汉堡 经常 用券 下来 店里 便宜 我们
5.24E+15,1765205268,浙江,,看优惠！,2484325851,,,,,迟到的百合,"https://tvax4.sinaimg.cn/crop.0.0.1080.1080.180/9413cddbly8i8gdx10cyjj20u00u0mya.jpg?KID=imgbed,tva&Expires=1766840585&ssig=GMuhHMDKO7",0,,1.76683E+12,5.24159E+15,,微博,2025-12-08 14:47:48+08:00,5.24E+15,0,f,https://m.weibo.cn/u/2484325851?launchid=10000360-page_H5,价格优惠,优惠
5.24E+15,1765191824,安徽,,哈哈，占便宜这事儿，谁都手痒。,2391664851,,,,,莓茗籽也,"https://tva4.sinaimg.cn/crop.0.0.180.180.180/8e8de8d3jw1e8qgp5bmzyj2050050aa8.jpg?KID=imgbed,tva&Expires=1766840608&ssig=foC7W0G4iu",0,,1.76683E+12,5.24154E+15,,微博,2025-12-08 11:03:44+08:00,5.24E+15,1,m,https://m.weibo.cn/u/2391664851?launchid=10000360-page_H5,价格优惠,占便宜 事儿 手痒
5.24E+15,1765191822,福建,,外卖平台竞争激烈，我这边天天薅羊毛，哪家优惠多就用哪家，绝不讲忠诚度！,2019195053,,,,,仁者见仁心也,"https://tva2.sinaimg.cn/crop.0.0.180.180.180/785a78adjw1e8qgp5bmzyj2050050aa8.jpg?KID=imgbed,tva&Expires=1766840608&ssig=QJ0%2Fv6XBPo",0,,1.76683E+12,5.24154E+15,,微博,2025-12-08 11:03:42+08:00,5.24E+15,1,m,https://m.weibo.cn/u/2019195053?launchid=10000360-page_H5,价格优惠,平台 竞争 激烈 这边 天天 羊毛 哪家 优惠 哪家 绝不 忠诚度
5.24E+15,1765191809,安徽,,趁机囤优惠券，现在势头平息了，便宜可不能错过。,3901985418,,,,,sunboychina,"https://tva4.sinaimg.cn/crop.0.0.180.180.180/e893928ajw1f4ffyn92b1j2050050mxa.jpg?KID=imgbed,tva&Expires=1766840608&ssig=nDkSvUhKJc",0,,1.76683E+12,5.24154E+15,,微博,2025-12-08 11:03:29+08:00,5.24E+15,1,f,https://m.weibo.cn/u/3901985418?launchid=10000360-page_H5,价格优惠,趁机 优惠券 现在 势头 平息 便宜 不能 错过
5.24E+15,1765191830,福建,,谁实惠谁就赢，我投的是性价比的票！,2151634605,,,,,营养师Bianca,"https://tvax4.sinaimg.cn/crop.0.0.1080.1080.180/803f56adly8i5v3a44h78j20u00u041m.jpg?KID=imgbed,tva&Expires=1766840608&ssig=1CTLTt6pG8",0,,1.76683E+12,5.24154E+15,,微博,2025-12-08 11:03:50+08:00,5.24E+15,1,f,https://m.weibo.cn/u/2151634605?launchid=10000360-page_H5,价格优惠,实惠 性价比
5.24E+15,1765191821,河北,,这几大外卖平台竞争激烈，用户确实享受到了优惠，不过平台亏损也意味着更激烈的竞争和潜在的不可预测性。,1838137167,,,,,訫v所属,"https://tva3.sinaimg.cn/crop.0.0.180.180.180/6d8fbf4fjw1e8qgp5bmzyj2050050aa8.jpg?KID=imgbed,tva&Expires=1766840608&ssig=SDEYT%2FtJ4z",0,,1.76683E+12,5.24154E+15,,微博,2025-12-08 11:03:41+08:00,5.24E+15,1,m,https://m.weibo.cn/u/1838137167?launchid=10000360-page_H5,平台体验,这几大 平台 竞争 激烈 用户 享受 优惠 不过 平台 亏损 意味着 激烈 竞争 潜在 可预测性
5.24E+15,1765191820,广东,,外卖大战落幕，独占优惠宝座，今日何方神圣，占领我最爱味！,3305664323,,,,,maomaoFNYO,"https://tvax1.sinaimg.cn/crop.0.0.1080.1080.180/c5086f43ly8i3jc2faflxj20u00u0jv7.jpg?KID=imgbed,tva&Expires=1766840608&ssig=JYhgQNI%2BUQ",0,,1.76683E+12,5.24154E+15,,微博,2025-12-08 11:03:40+08:00,5.24E+15,1,m,https://m.weibo.cn/u/3305664323?launchid=10000360-page_H5,价格优惠,大战 落幕 独占 优惠 宝座 今日 何方神圣 占领 最爱味
5.24E+15,1765193936,山西,,价格真的是很便宜,7909216516,,,,,吞噬星空---,"https://tvax4.sinaimg.cn/crop.0.0.1080.1080.180/008Dggwkly8hy37vzxs2kj30u00u0mza.jpg?KID=imgbed,tva&Expires=1766840672&ssig=j0zMuegOFv",0,,1.76683E+12,5.24154E+15,,微博,2025-12-08 11:38:56+08:00,5.24E+15,0,f,https://m.weibo.cn/u/7909216516?launchid=10000360-page_H5,价格优惠,价格 真的 便宜
5.24E+15,1765312153,广东,,太棒了，一起省钱！,6122093178,,,,,幸运的欣欣向前,"https://tvax3.sinaimg.cn/crop.0.0.996.996.180/006GjG6mly8gpytdtzlz9j30ro0romxt.jpg?KID=imgbed,tva&Expires=1766840672&ssig=rd5XwCFPuL",0,,1.76683E+12,5.24204E+15,,微博,2025-12-09 20:29:13+08:00,5.24E+15,0,f,https://m.weibo.cn/u/6122093178?launchid=10000360-page_H5,价格优惠,太棒了 省钱
5.24E+15,1765312153,广东,,XX给力，省钱又实惠，购物好选择！,7593645913,,,,,心有所思所以认真,"https://tvax1.sinaimg.cn/crop.0.0.664.664.180/008hUabTly8gpqn3chicrj30ig0igmxp.jpg?KID=imgbed,tva&Expires=1766840672&ssig=9GNqQblxvP",0,,1.76683E+12,5.24204E+15,,微博,2025-12-09 20:29:13+08:00,5.24E+15,0,m,https://m.weibo.cn/u/7593645913?launchid=10000360-page_H5,价格优惠,给力 省钱 实惠 购物 选择
5.24E+15,1765298960,江苏,,价格确实不算贵的吧,7408174145,,,,,看小白不喝酒,"https://tvax3.sinaimg.cn/crop.0.0.1080.1080.180/0085lWvLly8hf76kzu3iij30u00u0q62.jpg?KID=imgbed,tva&Expires=1766840672&ssig=B61R%2FiTl%2Fd",0,,1.76683E+12,5.24199E+15,,微博,2025-12-09 16:49:20+08:00,5.24E+15,0,m,https://m.weibo.cn/u/7408174145?launchid=10000360-page_H5,价格优惠,价格 不算
5.24E+15,1765192147,广东,,你们一般选哪个平台,6290642101,,,,,黑评VVV,"https://tvax2.sinaimg.cn/crop.0.0.1002.1002.180/006RITnnly8ghiiodhptuj30ru0ruaa9.jpg?KID=imgbed,tva&Expires=1766840683&ssig=Tm2jpHIy7E",0,,1.76683E+12,5.24154E+15,,微博,2025-12-08 11:09:07+08:00,5.24E+15,0,m,https://m.weibo.cn/u/6290642101?launchid=10000360-page_H5,其他内容,你们 一般 平台
5.24E+15,1765189535,AI罗伯特聪明版,,萝卜白菜各有所爱，我倒是觉得XX有时候的活动也很香~不过话说回来，能省则省嘛，毕竟省钱就是赚钱！,5762999670,,,,,评论罗伯特,"https://tvax1.sinaimg.cn/crop.0.0.1080.1080.180/006i0XtAly8i679f62kbej30u00u0gnq.jpg?KID=imgbed,tva&Expires=1766840740&ssig=LyCEbsqWm%2B",0,,1.76683E+12,5.24153E+15,,微博,2025-12-08 10:25:35+08:00,5.24E+15,0,f,https://m.weibo.cn/u/5762999670?launchid=10000360-page_H5,价格优惠,萝卜 白菜 各有所爱 觉得 活动 不过 话说回来 能省 毕竟 省钱 就是 赚钱
69478e47000000003800a51e,1.7663E+12,山东,,都是我喜欢吃的,66a35698000000001d030e01,,,,,盼盼,https://sns-avatar-qc.xhscdn.com/avatar/1040g2jo31pna0egkkud05pl3aqc7e3g18gnht48?imageView2/2/w/120/format/jpg,1,0,1.76683E+12,0,,小红书,,6944c704000000001e00854b,,,,餐品质量,喜欢
6947a4800000000039000a05,1.7663E+12,山西,,又好看又好吃，怎么可以这么方便,66bec685000000001d030bfa,,,,,小好,https://sns-avatar-qc.xhscdn.com/avatar/1040g2jo31qfoc720no6g5pluoq2ne2vqkjegm7o?imageView2/2/w/120/format/jpg,1,0,1.76683E+12,0,,小红书,,6944c704000000001e00854b,,,,餐品质量,好看 好吃 怎么 可以 这么 方便
683f961f000000001c036cbc,1.749E+12,湖北,,XX的免单卡，这么久了一次没抽中,5b5c5be4e8ac2b4b72444723,,,,,棠梨下,https://sns-avatar-qc.xhscdn.com/avatar/1040g2jo31jfhr5j330004a7kacdu8hp3no9ccdo?imageView2/2/w/120/format/jpg,4,2,1.76683E+12,0,,小红书,,681a47210000000023001d04,,,,价格优惠,单卡 这么久 一次 抽中
681d4091000000000d014cb4,1.74675E+12,江西,,感觉XX要输了，给的劵太小了,5b7d386254d2df0001268d6b,,,,,NPC,https://sns-avatar-qc.xhscdn.com/avatar/1040g2jo311qd5nnnmu104ai307s653bbtm7ncko?imageView2/2/w/120/format/jpg,1,159,1.76683E+12,0,,小红书,,681a47210000000023001d04,,,,价格优惠,要输 太小
683c3fc1000000000b017718,1.74878E+12,河南,,XX我都没见过券,59ca743651783a3688abcf00,,,,,尚子其,https://sns-avatar-qc.xhscdn.com/avatar/1040g2jo31285c8ih1m6049rcerq3djo03rvquh8?imageView2/2/w/120/format/jpg,1,10,1.76683E+12,0,,小红书,,681a47210000000023001d04,,,,价格优惠,没见 过券
681f32cb000000000400e9b1,1.74688E+12,湖南,,奶茶折扣,66cc792d000000001d020daf,,,,,#NAME?,https://sns-avatar-qc.xhscdn.com/avatar/1040g2jo31nuta31506005pmcf4mnc3dft27oak0?imageView2/2/w/120/format/jpg,0,0,1.76683E+12,0,,小红书,,681a47210000000023001d04,,,,价格优惠,奶茶 折扣
68775277000000000f03d994,1.75265E+12,上海,,XX确实要输了，感觉劝的好少,622d40a20000000010009d06,,,,,一口萌牙,https://sns-avatar-qc.xhscdn.com/avatar/1040g2jo31nj2gdoh525g5ohd82h41786vup8su8?imageView2/2/w/120/format/jpg,0,0,1.76683E+12,0,,小红书,,681a47210000000023001d04,,,,价格优惠,要输
68654679000000000401bcae,1.75147E+12,山东,,XX如果没有实名可以点餐吗,6320360700000000230277ea,,,,,-Rrrr-,https://sns-avatar-qc.xhscdn.com/avatar/1040g2jo31k31bs7n34305op06o3ostvahhuga4g?imageView2/2/w/120/format/jpg,2,1,1.76683E+12,0,,小红书,,64413cee000000001203fe5e,,,,配送时效,如果 实名 可以 点餐
684c4d670000000004016fc7,1.74983E+12,重庆,,就是到了以后去拿要跟取快递一样核对什么嘛?还是说什么都不用说,60c747e0000000000101edcb,,,,,依吱鸭（减肥版）,https://sns-avatar-qc.xhscdn.com/avatar/1040g2jo31frtaqvk006g5o678vg0brebe26tru0?imageView2/2/w/120/format/jpg,2,0,1.76683E+12,0,,小红书,,64413cee000000001203fe5e,,,,其他内容,就是 快递 一样 核对 什么 还是 什么 不用说
69352af500000000060193a7,1.76509E+12,天津,,怎么备注啊,63061e770000000012003e2c,,,,,love^you*,https://sns-avatar-qc.xhscdn.com/avatar/1040g2jo31k5dq9llia6g5oo63prkgfhcojasipg?imageView2/2/w/120/format/jpg,0,0,1.76683E+12,0,,小红书,,64413cee000000001203fe5e,,,,其他内容,怎么 备注
605ce3cf000000002100158a,1.6167E+12,,,你好～请问哪个软件里有卖好吃的生日蛋糕啊？,55cf33eae4b1cf48c386df39,,,,,Enticebaby,https://sns-avatar-qc.xhscdn.com/avatar/637526958504875319b2fba9.jpg?imageView2/2/w/120/format/jpg,5,13,1.76683E+12,0,,小红书,,5e2435f0000000000100a1e8,,,,餐品质量,你好 请问 软件 好吃 生日蛋糕
67de2611000000001f019ed7,1.74261E+12,福建,,我不管我就要支持，现在外卖只剩XX和XX，XX还比XX强势，等XX被挤走了XX一家独大到时候配送天价都没人有办法了,65b49bb6000000000d03ebd2,,,,,asobe全家捅,https://sns-avatar-qc.xhscdn.com/avatar/1040g2jo316te3f33go6g5pdkjer3fquie1u8u70?imageView2/2/w/120/format/jpg,45,3450,1.76683E+12,0,,小红书,,67c12bd200000000290162f9,,,,配送时效,不管 就要 支持 现在 强势 挤走 一家独大 到时候 配送 天价 没人 办法
67e2590d00000000200106f1,1.74289E+12,广东,,XX会员每天可以领15-10的优惠券，微信支付优惠金币也可以兑换XX外卖15-10的优惠券，根本花不完,5c9e0327000000001200b5b1,,,,,陈小僮,https://sns-avatar-qc.xhscdn.com/avatar/1040g2jo31audbb74ni5g5n4u0cjkhddhethi5ro?imageView2/2/w/120/format/jpg,30,58,1.76683E+12,0,,小红书,,67c12bd200000000290162f9,,,,价格优惠,会员 每天 可以 优惠券 微信 支付 优惠 金币 可以 兑换 优惠券 根本 花不完
67e81dc200000000120026d4,1.74327E+12,广东,,特别垃圾 根本没有配送员 9点点的炸鸡 11:40才给我送到 还是商家叫XX跑腿给我送的,62e74b5e000000001f0047bc,,,,,虎子,https://sns-avatar-qc.xhscdn.com/avatar/6352c116a3981ddfa2f764e9.jpg?imageView2/2/w/120/format/jpg,15,8,1.76683E+12,0,,小红书,,67c12bd200000000290162f9,,,,配送时效,特别 垃圾 根本 配送 点点 炸鸡 送到 还是 跑腿
67e9fdc5000000001e011ea0,1.74339E+12,福建,,感受不好，送餐地址没错，但是骑手那边定位偏移两公里，叫人上班上一半出去两公里拿餐，联系商家也说送不到，还拒绝退款，XX客服只会划水,5f8421e30000000001005d03,,,,,小红薯5F844E18,https://sns-avatar-qc.xhscdn.com/avatar/1040g2jo31egr2mrgh0605ns447hg8n83c05uqco?imageView2/2/w/120/format/jpg,10,9,1.76683E+12,0,,小红书,,67c12bd200000000290162f9,,,,配送时效,感受 不好 送餐 地址 没错 但是 骑手 那边 定位 偏移 两公里 上班 一半 出去 两公里 拿餐 联系 不到 拒绝 退款 客服 只会 划水
68008977000000001f0188cd,1.74487E+12,广东,,XX外卖流程太差了，第一次点单服务特别差，迟到30分钟，不管是外卖员、商家、平台都没有及时解决问题，以后再也不会用XX外卖。,5b3f50c9e8ac2b4d373b751f,,,,,liz,https://sns-avatar-qc.xhscdn.com/avatar/1040g2jo31p7v00rm24004a6td68cit8vpn35lr0?imageView2/2/w/120/format/jpg,4,19,1.76683E+12,0,,小红书,,67c12bd200000000290162f9,,,,配送时效,流程 太差 第一次 点单 服务 特别 迟到 不管 平台 及时 解决问题 再也不会
68071a1f0000000012022e3f,1.7453E+12,河北,,你们不会做外卖就别做了，一个系统都做不好。我11点半点的饭说预计送达12点。结果我到12点那个订单都在显示等待商家接单，人家XX5分钟商家不接单就自动退款了，你这这么久不退我怎么知道没点成功还是我显示错误！！害我饿到现在,5ac434a6e8ac2b49cee1dbdb,,,,,yy。,https://sns-avatar-qc.xhscdn.com/avatar/1040g2jo31isj646nh4004a491dqadmuru5amp00?imageView2/2/w/120/format/jpg,23,108,1.76683E+12,0,http://sns-webpic-qc.xhscdn.com/202512271644/4d09ebf91904175059d0ffa3eb9472b2/comment/1040g2h031gik5saeju004a491dqadmurk4b52sg!nd_whgt34_webp_wm_1,小红书,,68060aab000000001e006843,,,,配送时效,你们 不会 就别 一个 系统 不好 半点 预计 送达 结果 显示 等待 接单 人家 接单 自动 退款 这么久 不退 怎么 知道 没点 成功 还是 显示 错误 现在
680729cc000000001200b0cb,1.7453E+12,浙江,,XX解决办法就是等了两个小时现在自动取消订单，我是没想到会这么玩,5b209fb84eacab10bda54af8,,,,,神圣momo帝国皇帝,https://sns-avatar-qc.xhscdn.com/avatar/1040g2jo31hc5ucun3q004a6791frginovsa59p8?imageView2/2/w/120/format/jpg,8,3,1.76683E+12,0,,小红书,,68060aab000000001e006843,,,,配送时效,解决办法 就是 两个 现在 自动 取消 没想到 这么
6807323b000000001f0046c0,1.7453E+12,福建,,给商家个说法，我们商家都出不来订单，要不是可是电话，肯本就不知道系统奔了，客人11点半下单1点多了才出单，我们还要给客人电话做不做，都是损失,5572e68567bc65408b95dbc8,,,,,愚涯,https://sns-avatar-qc.xhscdn.com/avatar/1040g2jo31a8rl0ntne6g40otvij8bmu8ensa7ug?imageView2/2/w/120/format/jpg,7,9,1.76683E+12,0,,小红书,,68060aab000000001e006843,,,,配送时效,说法 我们 出不来 要不是 可是 电话 肯本 知道 系统 客人 点半 下单 点多 出单 我们 还要 客人 电话 损失
680b160c000000001e03d9fc,1.74556E+12,北京,,#外卖员里的袋鼠爸爸们#刚才公司楼下，看到一个男生外卖员，左手拎着一包外卖，右手还抱着一个不到3岁的小宝宝，希望XX的东哥在考虑外卖员五险一金的同时，也考虑一下这些外卖员无人照顾的孩子，我之所以在XX外卖这里提这么一个建议，是因为，我觉得，应该只有东哥真的会可能考虑这个问题吧,5b49b4854eacab29d4260f40,,,,,As~wuwu,https://sns-avatar-qc.xhscdn.com/avatar/cd255d0e201935e0d852bd371f18c198.jpg?imageView2/2/w/120/format/jpg,2,1,1.76683E+12,0,,小红书,,68060aab000000001e006843,,,,配送时效,员里 袋鼠 爸爸 刚才 公司 楼下 看到 一个 男生 左手 一包 右手 一个 不到 小宝宝 希望 东哥 考虑 员五险 一金 同时 考虑一下 这些 无人 照顾 孩子 之所以 这里 这么 一个 建议 是因为 觉得 应该 东哥 真的 考虑 问题
6807aaf700000000120139be,1.74533E+12,广东,,XX外卖我会一直支持您的加油！跟XX55开我已经看不惯XX独大的局面了,629c960000000000210200cb,,,,,AAA谷子批发商,https://sns-avatar-qc.xhscdn.com/avatar/1040g2jo31dd90tdagk5g5oksio08c06b4sh8g9g?imageView2/2/w/120/format/jpg,5,9,1.76683E+12,0,,小红书,,68060aab000000001e006843,,,,配送时效,我会 一直 支持 加油 已经 看不惯 独大 局面
6.81E+23,1.7453E+12,宁夏,,希望外地的XX外卖搞得像北京一样好，下单了两次，体验很不好，一次把我的住址定位到市政府办公大楼，多等了一个多小时，快递员给我打电话说导航定位到市政府了，没找到我家，让取消订单。一次买了两箱牛奶，看着快到送达时间了，发现超市还没出货，打电话过去，说系统还没向他们抛单，哎。真的觉得XX外卖会做好，工欲善其事，请先利其器，加油吧。,579f0caa34609453714329f3,,,,,维克托小新,https://sns-avatar-qc.xhscdn.com/avatar/1040g2jo31olacnitl86g48jgne6akafjk8fgsso?imageView2/2/w/120/format/jpg,1,0,1.76683E+12,0,,小红书,,68060aab000000001e006843,,,,配送时效,希望 外地 北京 一样 下单 两次 体验 不好 一次 住址 定位 市政府 办公大楼 一个多 快递 打电话 导航 定位 市政府 找到 我家 取消 一次 两箱 牛奶 看着 快到 送达 时间 发现 超市 出货 打电话 过去 系统 他们 抛单 真的 觉得 做好 工欲善其事 先利 其器 加油
6809a646000000001f02b800,1.74546E+12,浙江,,优化建议：目前订单不能支持备注，想要改东西还得去找商家电话，有点麻烦。,57159be34775a759251eb2e0,,,,,Mickey.,https://sns-avatar-qc.xhscdn.com/avatar/1040g2jo31i0s7ircmk0g483b00du7cn0c7pbcqg?imageView2/2/w/120/format/jpg,4,0,1.76683E+12,0,http://sns-webpic-qc.xhscdn.com/202512271644/f12e96e78da5eeb26d1445321e2de4b7/comment/1040g2h031gl3pbkrjc00483b00du7cn08c1hb6o!nd_whgt34_webp_wm_1,小红书,,68060aab000000001e006843,,,,配送时效,优化 建议 目前 不能 支持 备注 想要 东西 电话 有点 麻烦
682417f8000000000400d05c,1.7472E+12,安徽,,别点特别慢，11:00下的单，商家11:18出餐了，一直没人给送，12点了都没人送,5d4f943700000000100337cb,,,,,咬一口小狗煎包,https://sns-avatar-qc.xhscdn.com/avatar/645b18ed2e368555521be336.jpg?imageView2/2/w/120/format/jpg,3,11,1.76683E+12,0,http://sns-webpic-qc.xhscdn.com/202512271644/fd0715da933cc9083a363531d893758e/comment/1040g2h031heu5f9ejq605nafigrk6dubouvupt0!nd_whgt34_webp_wm_1,小红书,,68088966000000001d02d89b,,,,配送时效,别点 特别 出餐 一直 没人 没人
68f629d40000000037025098,1.76096E+12,湖北,,刚去XX下了一单外卖饭，为支持罗云熙我以后就用XX了，因为XX外卖和水龙吟有联名,61f4daef000000001000f2d7,,,,,nlsn,https://sns-avatar-qc.xhscdn.com/avatar/1040g2jo31jtij0fgj06g5ofkrbnk1smnniuskb8?imageView2/2/w/120/format/jpg,0,0,1.76683E+12,0,,小红书,,68088966000000001d02d89b,,,,配送时效,刚去 一单 饭为 支持 罗云熙 因为 水龙吟 联名
681f473e0000000007035378,1.74688E+12,山西,,拉倒吧，点个外卖超时半个小时了，联系商家，商家根本就不知道，客服只会说超时免单，根本都没收到餐，免哪门子单。大家避雷吧,5fe9e491000000000100932f,,,,,momomomo,https://sns-avatar-qc.xhscdn.com/avatar/1040g2jo31ihrule27o005nv9si8g94pfhb03cdo?imageView2/2/w/120/format/jpg,1,11,1.76683E+12,0,,小红书,,68088966000000001d02d89b,,,,配送时效,拉倒 点个 超时 半个 联系 根本 知道 客服 只会 超时 免单 根本 没收 餐免 哪门子 大家 避雷
68245b89000000000903bda6,1.74721E+12,陕西,,态度特别差 而且还没送到就点送达了,58c2bff950c4b423bf9dc9ca,,,,,野欲💕,https://sns-avatar-qc.xhscdn.com/avatar/1040g2jo31lrke1q9ks0049966avvjieavgak90g?imageView2/2/w/120/format/jpg,0,0,1.76683E+12,0,,小红书,,68088966000000001d02d89b,,,,配送时效,态度 特别 而且 送到 就点 送达
6827e3b90000000007034b69,1.74744E+12,浙江,,昨天上午点了外卖是要求下午送达，骑手给我送错地址了，当时打电话联系说是几块钱我退你，我那天下午有事情，不能再等下去，所以同意了，按照号码加了骑手微信，一直不理我，一直到今天，到XX想去看看怎么投诉骑手，发现根本没这界面，所有都指向商家问题，XX外卖客服是打不通电话的，并且骑手那个微信朋友圈看着像小号，现在不是想要拿钱，单纯想要投诉怎么搞，浪费那么多时间，打了很多电话，真不知道咋办，谁能完善一下机制啊，联系商家说XX客服不够完善，他们也没办法，想投诉咋那么难,61558e3f000000000202634e,,,,,辞色（禁言中）,https://sns-avatar-qc.xhscdn.com/avatar/620ce2fad941277a828c233c.jpg?imageView2/2/w/120/format/jpg,1,1,1.76683E+12,0,,小红书,,68088966000000001d02d89b,,,,配送时效,昨天上午 要求 下午 送达 骑手 送错 地址 当时 打电话 联系 几块钱 那天 下午 事情 不能 下去 所以 同意 按照 号码 骑手 微信 一直 不理 一直 今天 看看 怎么 投诉 骑手 发现 根本 界面 所有 指向 问题 客服 通电话 并且 骑手 微信 朋友圈 看着 小号 现在 不是 想要 单纯 想要 投诉 怎么 浪费 那么 时间 很多 电话 真不知道 咋办 完善 一下 机制 联系 客服 不够 完善 他们 办法 投诉 那么
6944d2780000000039007d3b,1.76612E+12,江西,,还的是XX 方便 而且里面的不踩雷,5d229d3c000000001201a09f,,,,,🍊,https://sns-avatar-qc.xhscdn.com/avatar/5d229d3c000000001201a09f.jpg?imageView2/2/w/120/format/jpg,1,0,1.76683E+12,0,,小红书,,6943dc5d000000000d034406,,,,平台体验,方便 而且 里面
6948e98d000000001403f9d1,1.76639E+12,山东,,口味独特,66ffd69e000000000b030341,,,,,榴莲,https://sns-avatar-qc.xhscdn.com/avatar/1040g2jo318hha3o50o0g5pnvqqf2u0q16qld64o?imageView2/2/w/120/format/jpg,0,0,1.76683E+12,0,,小红书,,6943dc5d000000000d034406,,,,餐品质量,口味 独特
6948e9c600000000390001dd,1.76639E+12,黑龙江,,好吃又美味,6024c2db0000000001004410,,,,,六六,https://sns-avatar-qc.xhscdn.com/avatar/60346eb948f55e51ac12f696.jpg?imageView2/2/w/120/format/jpg,0,0,1.76683E+12,0,,小红书,,6943dc5d000000000d034406,,,,餐品质量,好吃 美味
6944f343000000001602731b,1.76613E+12,安徽,,我昨天还在XX上搜年度报告呢，2025年点了一千多块钱的外卖,63da1a3600000000280184f6,,,,,耳机里的歌,https://sns-avatar-qc.xhscdn.com/avatar/1000g2jo2qm527hgjs0205og1m94k0s4v56j83cg?imageView2/2/w/120/format/jpg,0,0,1.76683E+12,0,,小红书,,6943dc5d000000000d034406,,,,平台体验,昨天 年度报告 年点 一千多块
6944caff000000000e03534c,1.76612E+12,安徽,,以前没有注意到 现在知道了 再也不用踩雷了 XX太给力了,63fb3b4600000000290137d7,,,,,糯糯妮,https://sns-avatar-qc.xhscdn.com/avatar/1040g2jo3134kvurh3k005ovr7d3aadunmdvg050?imageView2/2/w/120/format/jpg,0,0,1.76683E+12,0,,小红书,,6943dc5d000000000d034406,,,,平台体验,以前 注意 现在 知道 再也 不用 太给力
694433900000000038004d08,1.76608E+12,上海,,好吃嘛,6052429c0000000001004379,,,,,Sharon的朋友圈✨,https://sns-avatar-qc.xhscdn.com/avatar/1040g2jo31lkni3p5lo005o2i8ae08grph84n4o8?imageView2/2/w/120/format/jpg,1,0,1.76683E+12,0,,小红书,,6943c27a000000001e03abed,,,,餐品质量,好吃
69465d6c000000001601cf31,1.76622E+12,上海,,口味和我一样 果断关注 第一家是哪家啊,5e8c608f0000000001004239,,,,,令羽小寶貝💗,https://sns-avatar-qc.xhscdn.com/avatar/1040g2jo31mj5r5345m005nkcc27g8ghpg8cgikg?imageView2/2/w/120/format/jpg,1,0,1.76683E+12,0,,小红书,,6943c27a000000001e03abed,,,,餐品质量,口味 一样 果断 关注 第一家 哪家
69423af8000000001d01dce9,1.76595E+12,辽宁,,别点就完事儿…楼下的mamak档不好吃么？,65f19ff2000000000500b2ce,,,,,小红薯69402522,https://sns-avatar-qc.xhscdn.com/avatar/645b7efe1fc3de4c930effac.jpg?imageView2/2/w/120/format/jpg,0,0,1.76683E+12,0,,小红书,,69369f8d000000001e00f33b,,,,餐品质量,别点 事儿 楼下 好吃
69377c27000000001403f249,1.76524E+12,马来西亚,,就想知道好不好吃,62d4c0c7000000000303fee2,,,,,一只幸运猫,https://sns-avatar-qc.xhscdn.com/avatar/1040g2jo31jj1ani4ii005omko33gvvn2guvva28?imageView2/2/w/120/format/jpg,1,1,1.76683E+12,0,,小红书,,69369f8d000000001e00f33b,,,,餐品质量,知道 好不好
6936a63f0000000014034ccf,1.76519E+12,马来西亚,,超级适合学生，以及上班族。本地人可以试试马来餐，有些马来餐8，9块钱还搭饮料（tea），简直超便宜，建议外卖提前1小时点，高峰期人很多，可能要等1小时,6242eebb0000000021020b4b,,,,,hello呀～,https://sns-avatar-qc.xhscdn.com/avatar/1040g2jo30r1b3q4g1e005oi2tqtoc2qbpdeta80?imageView2/2/w/120/format/jpg,0,0,1.76683E+12,0,,小红书,,69369f8d000000001e00f33b,,,,价格优惠,超级 适合 学生 以及 上班族 本地人 可以 试试 马来 有些 马来 块钱 饮料 简直 便宜 建议 提前 高峰期 很多
6941762600000000160231f9,1.7659E+12,上海,,翠爷怕是不知道可以有这么大优惠的,55ceca6d41a2b34dd51884c5,,,,,猪仔小馒头,https://sns-avatar-qc.xhscdn.com/avatar/1040g2jo31g8bvj2jhu004135vq56r165q7ftif8?imageView2/2/w/120/format/jpg,0,1,1.76683E+12,0,,小红书,,693a3119000000001b023c39,,,,价格优惠,翠爷 知道 可以 这么 优惠
69440619000000001702d8ad,1.76607E+12,美国,,预制菜一直很便宜,659ec55e0000000022016279,,,,,国际,https://sns-avatar-qc.xhscdn.com/avatar/645b7e17e29f7d0acadad89f.jpg?imageView2/2/w/120/format/jpg,2,2,1.76683E+12,0,,小红书,,694297d3000000001f00a42c,,,,餐品质量,预制 一直 便宜
680f51f1000000000401ac79,1.74583E+12,北京,,XX外卖大家都点上了吗,60963da8000000000100b971,,,,,36氪,https://sns-avatar-qc.xhscdn.com/avatar/63d4906d7e6506b15327c988.jpg?imageView2/2/w/120/format/jpg,1,3,1.76683E+12,0,,小红书,,680f4f63000000002300cc4a,,,,配送时效,大家
680f512b000000000401e6d7,1.74583E+12,广东,,XX为了避免超时，给我的配送时间从50分钟，改成了75分钟,616ce84900000000020251c1,,,,,老紫蜀道山,https://sns-avatar-qc.xhscdn.com/avatar/1040g2jo30otmrfsh40dg5obct14gkke10nfq3l0?imageView2/2/w/120/format/jpg,3,13,1.76683E+12,0,,小红书,,680f4f63000000002300cc4a,,,,配送时效,为了 避免 超时 配送 时间 改成
6818df1a000000000b01fec8,1.74646E+12,上海,,XX慢会不会是因为订单少呢,5483d933d6e4a95edae1b73d,,,,,友小文要存钱,https://sns-avatar-qc.xhscdn.com/avatar/be4e54a984a21be925a215a08fb36c8b.jpg?imageView2/2/w/120/format/jpg,2,0,1.76683E+12,0,,小红书,,680f4f63000000002300cc4a,,,,配送时效,慢会 不会 是因为
680f5ee9000000001f00c297,1.74584E+12,广东,,你没有领XX券吧，我自己点外卖对比三家都是XX最便宜,5960445850c4b456efc7a2f2,,,,,樱桃肉肉肉,https://sns-avatar-qc.xhscdn.com/avatar/1040g2jo31lg29jnoku6g49lj4l25h8nilppcj7g?imageView2/2/w/120/format/jpg,3,5,1.76683E+12,0,,小红书,,680f4f63000000002300cc4a,,,,价格优惠,领券 自己 对比 三家 便宜
680f873b000000001f00a094,1.74585E+12,河北,,让我来给你穿透一下吧36氪之前是阿里投的，后来阿里战略收缩出清了，但36氪和阿里一起搞了个创业平台并且36氪投了挪瓦咖啡，挪瓦咖啡创始人曾是XX晋升最大的高管之一。然后XX是阿里系收广子可以，下次点下午茶叫上我,628089c800000000210255b4,,,,,起哥,https://sns-avatar-qc.xhscdn.com/avatar/1040g2jo316sv64dpju6g5ok0h748cldk61ps8f8?imageView2/2/w/120/format/jpg,2,14,1.76683E+12,0,,小红书,,680f4f63000000002300cc4a,,,,其他内容,穿透 一下 之前 阿里 后来 阿里 战略 收缩 出清 阿里 搞了个 创业 平台 并且 挪瓦 咖啡 挪瓦 咖啡 创始人 晋升 最大 高管 之一 然后 阿里 系收 广子 可以 下次 下午茶
680f66c10000000013010aaf,1.74584E+12,黑龙江,,饿了吗和XX不是一家吗？如果市场上没有XX或者之后新兴的其他平台，那算不算垄断市场？,59eb743f11be107763f16a3a,,,,,猫十三的简单生活,https://sns-avatar-qc.xhscdn.com/avatar/59eb743f11be107763f16a3a.jpg?imageView2/2/w/120/format/jpg,2,1,1.76683E+12,0,,小红书,,680f4f63000000002300cc4a,,,,其他内容,不是 一家 如果 市场 或者 之后 新兴 其他 平台 算不算 垄断市场
683691050000000009016d6e,1.74841E+12,辽宁,,不知道你们那里咋样，反正我这送的都快，有延时补贴问题我什么时候都拿不到补贴，我也不着急晚点也没事,5bc32c5951b172000135e583,,,,,懒猫😘,https://sns-avatar-qc.xhscdn.com/avatar/1040g2jo31ot1q6mjgu604bf0s0m5jpc3sbv1lt8?imageView2/2/w/120/format/jpg,0,0,1.76683E+12,0,,小红书,,680f4f63000000002300cc4a,,,,配送时效,知道 你们 那里 咋样 反正 延时 补贴 问题 什么 时候 不到 补贴 着急 晚点 没事
6943d2750000000039003e4f,1.76605E+12,广东,,笑死了，还需要那么多APP。估计一辈子没有出过门的人。,6837f103000000001e02302f,,,,,Mr.W,https://sns-avatar-qc.xhscdn.com/avatar/1040g2jo31m9t3qedmg005q1nu41nkc1fh71keg8?imageView2/2/w/120/format/jpg,0,0,1.76683E+12,0,,小红书,,693fa6d3000000001e0002a7,,,,其他内容,需要 那么 估计 一辈子 过门
6944d5e0000000001d025135,1.76612E+12,山东,,特别喜欢吃,5cacaaee0000000011033242,,,,,阳阳,https://sns-avatar-qc.xhscdn.com/avatar/1040g2jo31q64olegn45g5n5clbn4eci29ds1hk0?imageView2/2/w/120/format/jpg,0,0,1.76683E+12,0,,小红书,,69425caf000000001e03bf11,,,,餐品质量,特别 喜欢
6944d602000000001600cca1,1.76612E+12,山东,,太喜欢这个了哈哈,677bba7c0000000014032d97,,,,,牛奶,https://sns-avatar-qc.xhscdn.com/avatar/1040g2jo31q6508f1g06g5prrn9u56bcnrkp7uio?imageView2/2/w/120/format/jpg,0,0,1.76683E+12,0,,小红书,,69425caf000000001e03bf11,,,,餐品质量,喜欢
69358ab8000000001d01c296,1.76512E+12,山东,,这么便宜的吗,6418fc65000000001400f129,,,,,好运,https://sns-avatar-qc.xhscdn.com/avatar/1040g2jo30oifn7t1ic6g5p0ovhil1s99rje4l70?imageView2/2/w/120/format/jpg,0,0,1.76683E+12,0,,小红书,,69341ba6000000001e02bd3f,,,,价格优惠,这么 便宜
69354845000000001d025d9d,1.7651E+12,山东,,在XX点榴莲披萨吃非常的优惠哈哈哈哈嗝,62f652d2000000001f007bb3,,,,,可爱的臭豆腐,https://sns-avatar-qc.xhscdn.com/avatar/63fb4ec2b46f3dd3c399dd05.jpg?imageView2/2/w/120/format/jpg,0,0,1.76683E+12,0,,小红书,,69341ba6000000001e02bd3f,,,,价格优惠,榴莲 披萨 非常 优惠 哈哈哈哈
6936eb39000000001403d04c,1.76521E+12,山东,,还是阿美优惠大,641565450000000011020d20,,,,,🌞,https://sns-avatar-qc.xhscdn.com/avatar/6416de1006530a7ba12d242b.jpg?imageView2/2/w/120/format/jpg,0,0,1.76683E+12,0,,小红书,,69341ba6000000001e02bd3f,,,,价格优惠,还是 阿美 优惠
69357f02000000000601bd7f,1.76511E+12,山东,,XX就是送太多大福利，超级省钱,64d0707e000000000b00b048,,,,,ㅤ,https://sns-avatar-qc.xhscdn.com/avatar/1040g2jo30um7m1fulg005p6ge1v2pc28s8sa6e0?imageView2/2/w/120/format/jpg,0,0,1.76683E+12,0,,小红书,,69341ba6000000001e02bd3f,,,,价格优惠,就是 送太多 福利 超级 省钱
67e14d6d0000000012022a6a,1.74282E+12,广东,,不是说那边也有XX,6377bcbd000000001f016bc7,,,,,星黛露,https://sns-avatar-qc.xhscdn.com/avatar/1040g2jo31mhr764bl8005ornniunqqu7vo16luo?imageView2/2/w/120/format/jpg,1,4,1.76683E+12,0,,小红书,,6700ba7f000000002c02e076,,,,其他内容,不是 那边
6944dafb000000003802c42a,1.76612E+12,河北,,现在越来越离不开XX了,666690ba0000000003031ab1,,,,,風雲,https://sns-avatar-qc.xhscdn.com/avatar/645b7e4b86578b8c6ab3b056.jpg?imageView2/2/w/120/format/jpg,0,0,1.76683E+12,0,,小红书,,6942ae78000000000d00c9ec,,,,其他内容,现在 越来越 离不开
6944dd1d000000000e03631a,1.76612E+12,河北,,品质必点，在XX首页吗？,6273db250000000021022a34,,,,,时光！娜么美好,https://sns-avatar-qc.xhscdn.com/avatar/6273db250000000021022a34.jpg?imageView2/2/w/120/format/jpg,0,0,1.76683E+12,0,,小红书,,6942ae78000000000d00c9ec,,,,餐品质量,品质 必点 首页
6943834200000000390012f0,1.76603E+12,广东,,在家就能等着漂亮饭，好吃又漂亮的嘛,654c69da000000000400a610,,,,,纯白,https://sns-avatar-qc.xhscdn.com/avatar/1040g2jo31m73mj0h5m5g5pacd7d119ggfujr13g?imageView2/2/w/120/format/jpg,3,1,1.76683E+12,0,,小红书,,69428d0f000000001e002362,,,,餐品质量,在家 漂亮 好吃 漂亮
6943f66d0000000038006c54,1.76606E+12,贵州,,人家在减肥呢，又来诱惑我打开XX了,6917fb36000000003202496c,,,,,西柚,https://sns-avatar-qc.xhscdn.com/avatar/1040g2jo31ot3q5qs1q6g5q8nvcrckibcjm69pb8?imageView2/2/w/120/format/jpg,0,0,1.76683E+12,0,,小红书,,69428d0f000000001e002362,,,,其他内容,人家 减肥 诱惑 打开
69441a1000000000140374d7,1.76607E+12,广西,,下单了多久能送到啊,686e6a13000000001b019cfa,,,,,旺仔小馒头,https://sns-avatar-qc.xhscdn.com/avatar/1040g2jo31oj8nt73ku6g5q3ed89mr77qhbba7o0?imageView2/2/w/120/format/jpg,0,0,1.76683E+12,0,,小红书,,69428d0f000000001e002362,,,,配送时效,下单 多久 送到
6948e5f900000000160253d7,1.76639E+12,山东,,好划算啊！太好吃了,67a4ba53000000000e01329f,,,,,彤乐,https://sns-avatar-qc.xhscdn.com/avatar/1040g2jo31dpiv4imgu605pt4n99jickvdc7l9sg?imageView2/2/w/120/format/jpg,0,0,1.76683E+12,0,,小红书,,6945513d0000000019027157,,,,餐品质量,划算 好吃
6822c90e000000000400f792,1.74711E+12,重庆,,最好打起来，就喜欢看他们内卷,60ea5035000000000101fe59,,,,,用户已注销,https://sns-avatar-qc.xhscdn.com/avatar/645b7e371fc3de4c930eff9d.jpg?imageView2/2/w/120/format/jpg,1,17,1.76683E+12,0,,小红书,,6819023000000000220068b8,,,,其他内容,最好 起来 喜欢 他们
692ab65d000000003900bf57,1.76441E+12,福建,,淘宝 但是有的时候XX神枪手很划算,5b500f59e8ac2b7989943671,,,,,美味的大蛋挞,https://sns-avatar-qc.xhscdn.com/avatar/1040g2jo31q7li0th00004a79q47lidjh4at53ro?imageView2/2/w/120/format/jpg,0,0,1.76683E+12,0,,小红书,,6819023000000000220068b8,,,,价格优惠,淘宝 但是 时候 神枪手 划算
686a276b000000000401f405,1.75179E+12,湖南,,选速度快的,58f62b955e87e74ba747d694,,,,,小橙,https://sns-avatar-qc.xhscdn.com/avatar/1040g2jo31l1ff4v9326g49dn98lpblkkeiq7ch8?imageView2/2/w/120/format/jpg,2,0,1.76683E+12,0,,小红书,,6819023000000000220068b8,,,,配送时效,速度
684ec3d60000000020033ad7,1.74999E+12,湖北,,XX和淘宝闪送不一样吗,642593b800000000290117af,,,,,是望舒呀,https://sns-avatar-qc.xhscdn.com/avatar/1040g2jo31n3nc4hf5i5g5p15iesaa5tfsgrrh0o?imageView2/2/w/120/format/jpg,1,0,1.76683E+12,0,,小红书,,6819023000000000220068b8,,,,其他内容,淘宝 闪送 一样
68540ab2000000000400c60f,1.75034E+12,广东,,卧槽原来XX是淘宝家的,664f12d3000000001e00465e,,,,,耳机线入口即化,https://sns-avatar-qc.xhscdn.com/avatar/1040g2jo31m679rhg58605pif2b9nghiuud7pl2g?imageView2/2/w/120/format/jpg,0,8,1.76683E+12,0,,小红书,,6819023000000000220068b8,,,,其他内容,卧槽 原来 淘宝
6833dc8e0000000003037423,1.74823E+12,江苏,,不选，全都用，哪个便宜用哪个，长期肯定是XX，毕竟是团购平台，啥都有,61108af600000000010077c0,,,,,亲一个吧我的小太阳花🌸,https://sns-avatar-qc.xhscdn.com/avatar/1040g2jo31isksk45hccg5o8ghbr08tu071u0stg?imageView2/2/w/120/format/jpg,6,21,1.76683E+12,0,,小红书,,6819023000000000220068b8,,,,价格优惠,不选 全都 便宜 长期 肯定 毕竟 团购 平台
65eaea6600000000040359a2,1.70989E+12,,,在付款的页面有餐具的选项,5cb1b872000000001000d2a8,,,,,啃一口白米糕,https://sns-avatar-qc.xhscdn.com/avatar/1040g2jo31i15kn177c605n5hn1p41kl8v458t58?imageView2/2/w/120/format/jpg,1,0,1.76683E+12,0,,小红书,,65eae92f0000000003037075,,,,其他内容,付款 页面 餐具 选项
66111111000000001902c158,1.71239E+12,,,我每次付了款才想起要餐具，只好跟送餐员说：可以麻烦帮我拿餐具吗,5cc581310000000012014d1e,,,,,MM's Record🌼,https://sns-avatar-qc.xhscdn.com/avatar/6466160cf8d331355227ab80.jpg?imageView2/2/w/120/format/jpg,1,0,1.76683E+12,0,,小红书,,65eae92f0000000003037075,,,,平台体验,每次 想起 餐具 只好 餐员 可以 麻烦 餐具
68936246000000002903f9da,1.75449E+12,浙江,,XX太成功了，实话,66486e280000000003030ece,,,,,小红薯6648AA06,https://sns-avatar-qc.xhscdn.com/avatar/645b6abf2e368555521befcc.jpg?imageView2/2/w/120/format/jpg,5,69,1.76683E+12,0,,小红书,,6890c2ea000000000500be87,,,,平台体验,成功 实话
694e064a00000000160265e5,1.76672E+12,福建,,XX太贵了现在,62de8d50000000001f007466,,,,,momo,https://sns-avatar-qc.xhscdn.com/avatar/64b24f735a8a29ed19a9c546.jpg?imageView2/2/w/120/format/jpg,0,0,1.76683E+12,0,,小红书,,6890c2ea000000000500be87,,,,价格优惠,太贵 现在
68d581ee0000000002014ff0,1.75882E+12,海南,,哪里有两家外卖被淘宝切过去？不是只有XX吗？,5fd8afd80000000001001ae6,,,,,在水一方,https://sns-avatar-qc.xhscdn.com/avatar/1040g2jo31q0ghvu27g605nuolvc086n6l0v3s7o?imageView2/2/w/120/format/jpg,0,0,1.76683E+12,0,,小红书,,6890c2ea000000000500be87,,,,平台体验,哪里 两家 淘宝 切过去 不是
69217685000000003803029d,1.7638E+12,四川,,有些软件的外卖特别便宜,62cb9672000000000e00f7ba,,,,,一叶之舟,https://sns-avatar-qc.xhscdn.com/avatar/62cb9672000000000e00f7ba.jpg?imageView2/2/w/120/format/jpg,0,0,1.76683E+12,0,,小红书,,6890c2ea000000000500be87,,,,价格优惠,有些 软件 特别 便宜
68a2dd96000000003003102f,1.7555E+12,黑龙江,,自从打起商战，每天都打开货比三家，商战没有让我养养成用淘宝的习惯，只让我养成了贵了就不买的习惯,5e591df000000000010065ad,,,,,一只丸丸子,https://sns-avatar-qc.xhscdn.com/avatar/1040g2jo3166kjc3lhe6g5nip3no08pdd2j9rpg0?imageView2/2/w/120/format/jpg,1,3,1.76683E+12,0,,小红书,,6890c2ea000000000500be87,,,,价格优惠,自从 商战 每天 打开 货比三家 商战 我养 养成 淘宝 习惯 养成 习惯
690d5f640000000039023b9e,1.76248E+12,浙江,,首先排除XX，泄漏顾客个人信息,599c23e550c4b45ad18497fc,,,,,要微笑,https://sns-avatar-qc.xhscdn.com/avatar/1040g2jo31pjh5vt6jq0049ohbmhub5vs7mi5t3g?imageView2/2/w/120/format/jpg,1,1,1.76683E+12,0,,小红书,,6890c2ea000000000500be87,,,,平台体验,首先 排除 泄漏 顾客 个人信息
693ba3f1000000001702f42f,1.76552E+12,浙江,,还是XX便宜,64473c1d0000000012034edb,,,,,小七.鹿小姐,https://sns-avatar-qc.xhscdn.com/avatar/1040g2jo31pmmaroq4g005p277gekmjmrmd12rn8?imageView2/2/w/120/format/jpg,0,0,1.76683E+12,0,,小红书,,6890c2ea000000000500be87,,,,价格优惠,还是 便宜
68a1d9a900000000270051ec,1.75544E+12,浙江,,XX优惠太大了 天天点本地知名饭店的菜,5dd0c6b800000000010041f0,,,,,清风徐来,https://sns-avatar-qc.xhscdn.com/avatar/61712d3e1a323892d5c35abf.jpg?imageView2/2/w/120/format/jpg,3,9,1.76683E+12,0,,小红书,,6890c2ea000000000500be87,,,,价格优惠,优惠 太大 天天点 本地 知名 饭店
6944051c000000003802a7f4,1.76607E+12,河北,,操作简单吗？现在有没有优惠活动,6903719b0000000032014c17,,,,,蝴蝶,https://sns-avatar-qc.xhscdn.com/avatar/1040g2jo31o91s9326g6g5q83e6dsij0ne6cs2d8?imageView2/2/w/120/format/jpg,1,0,1.76683E+12,0,,小红书,,6943b158000000001f008ec4,,,,价格优惠,操作 简单 现在 有没有 优惠活动
6943fcae0000000038007212,1.76606E+12,浙江,,最近真的天天点外卖啊！真的很好吃啊,621a1b620000000002021ae3,,,,,小宋,https://sns-avatar-qc.xhscdn.com/avatar/63f43542d27b886b4408d25c.jpg?imageView2/2/w/120/format/jpg,1,0,1.76683E+12,0,,小红书,,6943b158000000001f008ec4,,,,餐品质量,最近 真的 天天点 真的 好吃
6943e222000000001d01e36a,1.76606E+12,湖南,,品质必点这个选项真好啊，这样就可以点到好吃的食物了,63fdc677000000001f032011,,,,,梦梦,https://sns-avatar-qc.xhscdn.com/avatar/1040g2jo31ogeovqfl8005ovtoprnu80hvsg0h0g?imageView2/2/w/120/format/jpg,2,0,1.76683E+12,0,,小红书,,6943b158000000001f008ec4,,,,餐品质量,品质 必点 选项 真好 这样 可以 点到 好吃 食物
6945318d000000001601c33a,1.76614E+12,贵州,,以前都没注意呢。去看看有什么优惠没？,5c14ac260000000005011af4,,,,,小红薯,https://sns-avatar-qc.xhscdn.com/avatar/1040g2jo31l1ess49j0605n0klgj1a6nk9siakl0?imageView2/2/w/120/format/jpg,0,0,1.76683E+12,0,,小红书,,6943b158000000001f008ec4,,,,价格优惠,以前 注意 看看 什么 优惠
6943f822000000003803c857,1.76606E+12,广西,,马上周末不想出门  我现在就去XX上看看,668cf99a000000000303125e,,,,,呆呆自然卷,https://sns-avatar-qc.xhscdn.com/avatar/645b7c0d1d74d41345e61461.jpg?imageView2/2/w/120/format/jpg,0,0,1.76683E+12,0,,小红书,,6943b158000000001f008ec4,,,,其他内容,马上 周末 不想 出门 现在 看看
69458ba4000000001702d925,1.76617E+12,广东,,价格贵不贵,675a54f00000000001001eb6,,,,,菠萝蜜,https://sns-avatar-qc.xhscdn.com/avatar/1040g2jo31miv5isoli4g5pa3h9338v0dii4ns18?imageView2/2/w/120/format/jpg,1,0,1.76683E+12,0,,小红书,,69451e1f000000001b0234e0,,,,价格优惠,价格 贵不贵
69455a940000000039002602,1.76615E+12,广东,,XX品质必点！ 我知道！ 我昨天才点,674702b2000000001c019e37,,,,,甜茶糖果,https://sns-avatar-qc.xhscdn.com/avatar/1040g2jo31mmfjf1o5m005pq70ap737hn01fpvrg?imageView2/2/w/120/format/jpg,1,0,1.76683E+12,0,,小红书,,69451e1f000000001b0234e0,,,,餐品质量,品质 必点 知道 昨天
6945577b000000003803ca19,1.76615E+12,江苏,,一杯价格多少,675ead07000000001403241b,,,,,草木,https://sns-avatar-qc.xhscdn.com/avatar/1040g2jo31obhjjq4l8005pqulk3l690rlpo3h30?imageView2/2/w/120/format/jpg,1,0,1.76683E+12,0,,小红书,,69451e1f000000001b0234e0,,,,价格优惠,一杯 价格 多少
694353dc000000003803dce3,1.76602E+12,安徽,,这个不准 退款的也算里面了。,597fc6c76a6a697eb1dc904a,,,,,不搭噶,https://sns-avatar-qc.xhscdn.com/avatar/1040g2jo31qel922v7o6g49n6d63cf42ajbqbfd0?imageView2/2/w/120/format/jpg,5,7,1.76683E+12,0,,小红书,,6940c58b000000001902617c,,,,平台体验,不准 退款 里面
6943ac63000000003802cce9,1.76604E+12,河北,,我的还行  大头都花嘴上了  没有亏待老己,66ebe76a000000000b03332b,,,,,yyyruo_（女摄版）,https://sns-avatar-qc.xhscdn.com/avatar/1040g2jo31lcbcodblmdg5pnbstl2ucpb1d0dnjo?imageView2/2/w/120/format/jpg,0,0,1.76683E+12,0,http://sns-webpic-qc.xhscdn.com/202512271648/8dae80741b78f6c5daeab7e82be396d9/comment/1040g2h031q7p17qgng005pnbstl2ucpbclko4ug!nd_whgt34_webp_wm_1,小红书,,6940c58b000000001902617c,,,,其他内容,还行 大头 亏待 老己
6943ca3d0000000038028573,1.76605E+12,重庆,,难怪我，XX和XX点的更多,62122bcb0000000021020d8e,,,,,什么77,https://sns-avatar-qc.xhscdn.com/avatar/1040g2jo316ddpuvnha005ogi5f5oc3cedo5340o?imageView2/2/w/120/format/jpg,0,0,1.76683E+12,0,http://sns-webpic-qc.xhscdn.com/202512271648/1d2c57557536852b46e2448b28ec3d50/comment/1040g2h031q7slr60g0005ogi5f5oc3cearc6r50!nd_whgt34_webp_wm_1,小红书,,6940c58b000000001902617c,,,,其他内容,难怪
69458b950000000016024977,1.76617E+12,广东,,一杯多少毫升的,675a54f00000000001001eb6,,,,,菠萝蜜,https://sns-avatar-qc.xhscdn.com/avatar/1040g2jo31miv5isoli4g5pa3h9338v0dii4ns18?imageView2/2/w/120/format/jpg,0,0,1.76683E+12,0,,小红书,,6944f5c2000000001b033f8c,,,,餐品质量,一杯 多少 毫升
6947ddfd000000003900a80a,1.76632E+12,北京,,好吃,5cf7c677000000001102c0d4,,,,,幸運草,https://sns-avatar-qc.xhscdn.com/avatar/5cf91c689f03f80001d7eba5.jpg?imageView2/2/w/120/format/jpg,0,0,1.76683E+12,0,,小红书,,69450314000000001f005893,,,,餐品质量,好吃
68d9410a000000000801f7e8,1.75907E+12,广西,,我也是，挨个看那个软件更便宜,638b5997000000001f019ee7,,,,,温言,https://sns-avatar-qc.xhscdn.com/avatar/1040g2jo31ma04hbhkq6g5osbb6bnr7n7qcbqc7o?imageView2/2/w/120/format/jpg,0,1,1.76683E+12,0,,小红书,,6819b0c7000000002100e44d,,,,价格优惠,挨个 软件 便宜
68ef16990000000037011d0c,1.7605E+12,广东,,XX已经输了,68eb248b0000000037001319,,,,,await,https://sns-avatar-qc.xhscdn.com/avatar/1040g2jo31nj2fgl46g005q7b4i5to4optqppqfo?imageView2/2/w/120/format/jpg,0,0,1.76683E+12,0,,小红书,,6819b0c7000000002100e44d,,,,其他内容,已经
6889b7ec000000002b01bf48,1.75386E+12,湖北,,XX外卖咋样？,5af2b7774eacab3263d94c93,,,,,温蒂露露,https://sns-avatar-qc.xhscdn.com/avatar/1040g2jo31kq39bbqj0004a5618rnej4jd89o8tg?imageView2/2/w/120/format/jpg,0,0,1.76683E+12,0,,小红书,,6819b0c7000000002100e44d,,,,其他内容,咋样
7.59E+18,1766656991,江苏,7.59E+18,我爱XX,3.00E+15,MS4wLjABAAAAoeaI8F8e3wcoubTyeuMM4snJ2lwdhLJYfUcg1AEms_MGWxdZrkgV2Tm1lN2doVDg,2350545788,13665zzyz,,kurokawa,https://p3-pc.douyinpic.com/aweme/100x100/aweme-avatar/tos-cn-i-0813c001_okfWu7SNNCAFYCCEAIeArAAKGSpglpJrDA93EA.jpeg?from=2064092626,3,5,1.76683E+12,0,https://p9-sign.douyinpic.com/tos-cn-i-p14lwwcsbr/d5eeef48dfeb4f11b2f5c54f21cad624~tplv-p14lwwcsbr-7.image?lk3s=7b078dd2&x-expires=1766851200&x-signature=MI9LInzW6%2BcFmsBD8Faya1dB%2FX4%3D&from=2064092626&se=false&sc=image&biz_tag=aweme_comment&l=20251227184412F45C057DD928D8D9E3BA,抖音,,,,,,其他内容,
7.37E+18,1715327434,重庆,7.33E+18,他是快跑者的人吧,1.54E+14,MS4wLjABAAAAkZLI4CJPpX2WvJkTufVPSl66N2wHImeIai1B3DlySkg,98859749558,songlaida,,吃香蕉的Apple,https://p3-pc.douyinpic.com/aweme/100x100/aweme-avatar/tos-cn-avt-0015_6d68ff73e95e70ae5e2ff5b296212f1c.jpeg?from=2064092626,1,9,1.76683E+12,0,,抖音,,,,,,其他内容,
7.45E+18,1734610988,江苏,7.33E+18,XX贵,3.87E+15,MS4wLjABAAAAuO1YktQ1_Sgs8E-4aPSIDXEScdSTkoaJzYgbCse8Wds3ubDl3fhADCJqzdYYZqST,2219377248,zxt05300,,布淅淅.,https://p3-pc.douyinpic.com/aweme/100x100/aweme-avatar/tos-cn-i-0813c000-ce_osf5TnJAEAEEASwqf1D3epIoEEAKzQ9Q0FLAAY.jpeg?from=2064092626,2,3,1.76683E+12,0,,抖音,,,,,,价格优惠,
7.26E+18,1691395382,广东,7.26E+18,XX：完了，冲我来的,1.08E+11,MS4wLjABAAAAL0Eltf8T5ayVFyAWtwd4R73jvMgbfXoOLz94K_FjG6g,1827498817,,,烟波蓝,https://p3-pc.douyinpic.com/aweme/100x100/aweme-avatar/tos-cn-i-0813_ocfA78ofA8BBajaJ7XUEBep8HDQaIA8RAHA0bn.jpeg?from=2064092626,158,10044,1.76683E+12,0,,抖音,,,,,,其他内容,
7.54E+18,1754904817,湖北,7.40E+18,贵20块,4.35E+15,MS4wLjABAAAASLC3DEE2XOWvZA69HwwKdi6Ty5Lq9rlekABvdTwGn6H43rZehySbEj7hcwDWiHMC,92271177962,92271177962,,酷酷,https://p3-pc.douyinpic.com/aweme/100x100/aweme-avatar/tos-cn-i-0813c001_o43AAA8CMIAGEAUNo81uAfAkAgi18CBA0EEeAi.jpeg?from=2064092626,0,0,1.76683E+12,0,,抖音,,,,,,价格优惠,
5.24E+15,1765202729,福建,,我就用XX,6393526547,,,,,小锦鲤是我喵,"https://tvax2.sinaimg.cn/crop.0.0.664.664.180/006YGAjVly8g0cis06tivj30ig0igmxo.jpg?KID=imgbed,tva&Expires=1766839867&ssig=B7l6rdLm4p",0,,1.76683E+12,5.24158E+15,,微博,2025-12-08 14:05:29+08:00,5.24E+15,0,f,https://m.weibo.cn/u/6393526547?launchid=10000360-page_H5,其他内容,
5.24E+15,1765207812,湖北,,XX和XX都用，,1774574627,,,,,小潘MaMa很忙,"https://tvax4.sinaimg.cn/crop.0.0.960.960.180/69c5dc23ly8i5ukuyj9oaj20qo0qo0vb.jpg?KID=imgbed,tva&Expires=1766839891&ssig=9su8pdF32e",0,,1.76683E+12,5.2416E+15,,微博,2025-12-08 15:30:12+08:00,5.24E+15,0,m,https://m.weibo.cn/u/1774574627?launchid=10000360-page_H5,其他内容,
6821d96c000000000900efb8,1.74705E+12,广西,,XX我去你的 我也要25-20,65e82777000000000d02684f,,,,,momo,https://sns-avatar-qc.xhscdn.com/avatar/1040g2jo31dlul3i5ge6g5pf84trjcq2fb1t38cg?imageView2/2/w/120/format/jpg,0,0,1.76683E+12,0,,小红书,,68088966000000001d02d89b,,,,价格优惠,
6837e094000000001c03638a,1.74849E+12,黑龙江,,我爱XX,5ce0a5c50000000012028afd,,,,,鲸鱼老大,https://sns-avatar-qc.xhscdn.com/avatar/1040g2jo31n4q2s1s5i005n70kn2kl2nt1ir2uco?imageView2/2/w/120/format/jpg,0,2,1.76683E+12,0,http://sns-webpic-qc.xhscdn.com/202512271647/db62be8b3d15cf32683c907bbdbc17c9/comment/1040g2h031i28d3n270005n70kn2kl2nt1c6mh8g!nd_whlt34_webp_wm_1,小红书,,6819023000000000220068b8,,,,其他内容,
694557c700000000380070f4,1.76615E+12,江苏,,XX好给力,628e8566000000002102a6af,,,,,晚风,https://sns-avatar-qc.xhscdn.com/avatar/1040g2jo31nl06pi55m005okeglj8d9lfq8ro5bg?imageView2/2/w/120/format/jpg,1,0,1.76683E+12,0,,小红书,,6944f5c2000000001b033f8c,,,,其他内容,
